model,device,tp,batch,context_length,system,amp,imbalance,tpot_p50_ms,tpot_p99_ms,status,wall_s
meta-llama/Meta-Llama-3-8B,blackwell,8,1,131072,Dense,3.5636,1.9234,13.246823338661823,13.246823338661823,OK,14.2
meta-llama/Meta-Llama-3-8B,blackwell,8,16,131072,Dense,3.5636,1.9234,57.76887169976362,57.76887169976362,OK,14.3
meta-llama/Meta-Llama-3-8B,blackwell,8,2,131072,Dense,3.5636,1.9234,18.590383405372602,18.590383405372602,OK,14.3
meta-llama/Meta-Llama-3-8B,blackwell,8,4,131072,Dense,3.5636,1.9234,24.186863405372602,24.186863405372602,OK,14.4
meta-llama/Meta-Llama-3-8B,blackwell,8,8,131072,Dense,3.5636,1.9234,35.371631405372604,35.371631405372604,OK,14.5
meta-llama/Meta-Llama-3-8B,blackwell,8,24,131072,Dense,3.5636,1.9234,77.36800946310758,82.71361752981836,OK,14.5
meta-llama/Meta-Llama-3-8B,blackwell,8,32,131072,Dense,3.5636,1.9234,94.16614566666568,105.11106380697422,OK,14.7
meta-llama/Meta-Llama-3-8B,blackwell,8,48,131072,Dense,3.5636,1.9234,149.90431914993798,149.90431914993798,OK,15.3
meta-llama/Meta-Llama-3-8B,blackwell,8,64,131072,Dense,3.5636,1.9234,194.70016824964176,194.70016824964176,OK,15.7
meta-llama/Meta-Llama-3-8B,blackwell,8,96,131072,Dense,3.5636,1.9234,280.79467030424826,289.38823043766985,OK,16.9
meta-llama/Meta-Llama-3-8B,blackwell,8,128,131072,Dense,3.5636,1.9234,347.9891658153559,375.7322200856676,OK,19.4
meta-llama/Meta-Llama-3-8B,blackwell,8,192,131072,Dense,3.5636,1.9234,554.9204833775684,554.9204833775684,OK,25.1
meta-llama/Meta-Llama-3-8B,blackwell,8,1,131072,SPLASH,3.5636,1.9234,10.731879338661823,10.731879338661823,OK,14.0
meta-llama/Meta-Llama-3-8B,blackwell,8,2,131072,SPLASH,3.5636,1.9234,13.560495405372603,13.560495405372603,OK,14.2
meta-llama/Meta-Llama-3-8B,blackwell,8,256,131072,Dense,3.5636,1.9234,734.1171916191654,734.1171916191654,OK,32.7
meta-llama/Meta-Llama-3-8B,blackwell,8,4,131072,SPLASH,3.5636,1.9234,14.118895405372601,14.118895405372601,OK,14.2
meta-llama/Meta-Llama-3-8B,blackwell,8,8,131072,SPLASH,3.5636,1.9234,15.243887405372604,15.243887405372604,OK,14.0
meta-llama/Meta-Llama-3-8B,blackwell,8,320,131072,Dense,3.5636,1.9234,913.3242421701209,913.3242421701209,OK,44.0
meta-llama/Meta-Llama-3-8B,blackwell,8,16,131072,SPLASH,3.5636,1.9234,17.505191699763618,17.505191699763618,OK,14.3
meta-llama/Meta-Llama-3-8B,blackwell,8,24,131072,SPLASH,3.5636,1.9234,19.34578546310757,22.314001529818352,OK,14.4
meta-llama/Meta-Llama-3-8B,blackwell,8,32,131072,SPLASH,3.5636,1.9234,21.04811366666568,24.583703806974214,OK,14.3
meta-llama/Meta-Llama-3-8B,blackwell,8,384,131072,Dense,3.5636,1.9234,1069.4357796787992,1095.779713949111,OK,56.9
meta-llama/Meta-Llama-3-8B,blackwell,8,48,131072,SPLASH,3.5636,1.9234,28.051024048716414,31.65641418902495,OK,14.4
meta-llama/Meta-Llama-3-8B,blackwell,8,64,131072,SPLASH,3.5636,1.9234,30.95946880047543,38.737726182850096,OK,15.2
meta-llama/Meta-Llama-3-8B,blackwell,8,96,131072,SPLASH,3.5636,1.9234,41.57366770182801,50.34308011244833,OK,16.2
meta-llama/Meta-Llama-3-8B,blackwell,8,128,131072,SPLASH,3.5636,1.9234,52.75595297376014,61.95122848560204,OK,17.4
meta-llama/Meta-Llama-3-8B,blackwell,8,192,131072,SPLASH,3.5636,1.9234,69.53423423358562,82.62013427495681,OK,21.1
meta-llama/Meta-Llama-3-8B,blackwell,8,256,131072,SPLASH,3.5636,1.9234,87.0873368743486,103.14694042566208,OK,24.0
meta-llama/Meta-Llama-3-8B,blackwell,8,512,131072,Dense,3.5636,1.9234,1338.2686993999716,1454.2078348613702,OK,81.9
meta-llama/Meta-Llama-3-8B,blackwell,8,320,131072,SPLASH,3.5636,1.9234,104.99994740656254,126.50669010775506,OK,28.4
meta-llama/Meta-Llama-3-8B,blackwell,8,1,131072,FullPageScore,3.5636,1.9234,13.389351338661823,13.389351338661823,OK,14.0
meta-llama/Meta-Llama-3-8B,blackwell,8,384,131072,SPLASH,3.5636,1.9234,108.11356884712825,147.1770005648984,OK,33.2
meta-llama/Meta-Llama-3-8B,blackwell,8,2,131072,FullPageScore,3.5636,1.9234,18.878511405372603,18.878511405372603,OK,14.2
meta-llama/Meta-Llama-3-8B,blackwell,8,4,131072,FullPageScore,3.5636,1.9234,24.760047405372603,24.760047405372603,OK,14.2
meta-llama/Meta-Llama-3-8B,blackwell,8,8,131072,FullPageScore,3.5636,1.9234,36.52721540537261,36.52721540537261,OK,14.3
meta-llama/Meta-Llama-3-8B,blackwell,8,16,131072,FullPageScore,3.5636,1.9234,60.076967699763614,60.076967699763614,OK,14.4
meta-llama/Meta-Llama-3-8B,blackwell,8,24,131072,FullPageScore,3.5636,1.9234,80.68600412977423,86.17524952981834,OK,14.4
meta-llama/Meta-Llama-3-8B,blackwell,8,32,131072,FullPageScore,3.5636,1.9234,98.35142566666569,109.72827980697423,OK,14.7
meta-llama/Meta-Llama-3-8B,blackwell,8,48,131072,FullPageScore,3.5636,1.9234,156.82963114993797,156.82963114993797,OK,14.6
meta-llama/Meta-Llama-3-8B,blackwell,8,512,131072,SPLASH,3.5636,1.9234,148.6141099776376,185.98270125685406,OK,44.3
meta-llama/Meta-Llama-3-8B,blackwell,8,64,131072,FullPageScore,3.5636,1.9234,203.93460024964173,203.93460024964173,OK,15.7
meta-llama/Meta-Llama-3-8B,blackwell,8,96,131072,FullPageScore,3.5636,1.9234,298.1420703042482,298.1420703042482,OK,16.8
meta-llama/Meta-Llama-3-8B,blackwell,8,128,131072,FullPageScore,3.5636,1.9234,368.06537381535594,394.1604497976865,OK,18.7
meta-llama/Meta-Llama-3-8B,blackwell,8,192,131072,FullPageScore,3.5636,1.9234,582.5838979765336,582.5838979765336,OK,25.5
meta-llama/Meta-Llama-3-8B,blackwell,8,1,131072,TokenGranular,3.5636,1.9234,13.757991338661821,13.757991338661821,OK,14.2
meta-llama/Meta-Llama-3-8B,blackwell,8,256,131072,FullPageScore,3.5636,1.9234,771.0188678125877,771.0188678125877,OK,33.0
meta-llama/Meta-Llama-3-8B,blackwell,8,2,131072,TokenGranular,3.5636,1.9234,19.606575405372606,19.606575405372606,OK,14.0
meta-llama/Meta-Llama-3-8B,blackwell,8,320,131072,FullPageScore,3.5636,1.9234,959.4611126655108,959.4611126655108,OK,42.8
meta-llama/Meta-Llama-3-8B,blackwell,8,4,131072,TokenGranular,3.5636,1.9234,26.204911405372602,26.204911405372602,OK,14.0
meta-llama/Meta-Llama-3-8B,blackwell,8,8,131072,TokenGranular,3.5636,1.9234,39.4097754053726,39.4097754053726,OK,14.1
meta-llama/Meta-Llama-3-8B,blackwell,8,16,131072,TokenGranular,3.5636,1.9234,65.82672769976361,65.82672769976361,OK,14.4
meta-llama/Meta-Llama-3-8B,blackwell,8,24,131072,TokenGranular,3.5636,1.9234,89.76886546310759,94.79425752981837,OK,14.6
meta-llama/Meta-Llama-3-8B,blackwell,8,32,131072,TokenGranular,3.5636,1.9234,109.59185499999901,121.22063180697423,OK,14.5
meta-llama/Meta-Llama-3-8B,blackwell,8,48,131072,TokenGranular,3.5636,1.9234,174.05945514993797,174.05945514993797,OK,14.6
meta-llama/Meta-Llama-3-8B,blackwell,8,384,131072,FullPageScore,3.5636,1.9234,1144.968604561632,1151.1930632950096,OK,57.6
meta-llama/Meta-Llama-3-8B,blackwell,8,64,131072,TokenGranular,3.5636,1.9234,226.9070162496418,226.9070162496418,OK,15.3
meta-llama/Meta-Llama-3-8B,blackwell,8,96,131072,TokenGranular,3.5636,1.9234,332.5914783042483,332.5914783042483,OK,17.1
meta-llama/Meta-Llama-3-8B,blackwell,8,128,131072,TokenGranular,3.5636,1.9234,417.64846054972406,440.00830713086856,OK,18.6
meta-llama/Meta-Llama-3-8B,blackwell,8,192,131072,TokenGranular,3.5636,1.9234,576.1857757730635,651.3916116082235,OK,24.7
meta-llama/Meta-Llama-3-8B,blackwell,8,512,131072,FullPageScore,3.5636,1.9234,1427.658133757626,1528.0945592131047,OK,84.1
meta-llama/Meta-Llama-3-8B,blackwell,8,256,131072,TokenGranular,3.5636,1.9234,862.7895144502957,862.7895144502957,OK,33.0
meta-llama/Meta-Llama-3-8B,blackwell,8,1,131072,PlaneImbalance,3.5636,1.9234,11.002215338661822,11.002215338661822,OK,14.1
meta-llama/Meta-Llama-3-8B,blackwell,8,2,131072,PlaneImbalance,3.5636,1.9234,14.088879405372603,14.088879405372603,OK,14.1
meta-llama/Meta-Llama-3-8B,blackwell,8,320,131072,TokenGranular,3.5636,1.9234,1074.1906010167475,1074.1906010167475,OK,43.1
meta-llama/Meta-Llama-3-8B,blackwell,8,4,131072,PlaneImbalance,3.5636,1.9234,15.163375405372603,15.163375405372603,OK,14.3
meta-llama/Meta-Llama-3-8B,blackwell,8,8,131072,PlaneImbalance,3.5636,1.9234,17.3267034053726,17.3267034053726,OK,14.4
meta-llama/Meta-Llama-3-8B,blackwell,8,16,131072,PlaneImbalance,3.5636,1.9234,21.65239169976362,21.65239169976362,OK,14.5
meta-llama/Meta-Llama-3-8B,blackwell,8,24,131072,PlaneImbalance,3.5636,1.9234,25.168249463107575,28.525585529818354,OK,14.3
meta-llama/Meta-Llama-3-8B,blackwell,8,32,131072,PlaneImbalance,3.5636,1.9234,28.425009666665684,32.86786380697421,OK,14.5
meta-llama/Meta-Llama-3-8B,blackwell,8,48,131072,PlaneImbalance,3.5636,1.9234,39.897160048716415,44.06729418902495,OK,15.1
meta-llama/Meta-Llama-3-8B,blackwell,8,384,131072,TokenGranular,3.5636,1.9234,1285.5988166672412,1285.5988166672412,OK,56.2
meta-llama/Meta-Llama-3-8B,blackwell,8,64,131072,PlaneImbalance,3.5636,1.9234,46.40102080047543,52.73819811613932,OK,15.3
meta-llama/Meta-Llama-3-8B,blackwell,8,96,131072,PlaneImbalance,3.5636,1.9234,66.67858723745323,72.61385255311713,OK,16.5
meta-llama/Meta-Llama-3-8B,blackwell,8,128,131072,PlaneImbalance,3.5636,1.9234,78.6026161200841,92.49833790627301,OK,18.2
meta-llama/Meta-Llama-3-8B,blackwell,8,192,131072,PlaneImbalance,3.5636,1.9234,114.86437470659673,127.15495752568836,OK,22.5
meta-llama/Meta-Llama-3-8B,blackwell,8,256,131072,PlaneImbalance,3.5636,1.9234,154.24633212805168,164.37362667382544,OK,27.4
meta-llama/Meta-Llama-3-8B,blackwell,8,512,131072,TokenGranular,3.5636,1.9234,1663.0161611373308,1711.8002663497714,OK,87.1
meta-llama/Meta-Llama-3-8B,blackwell,8,320,131072,PlaneImbalance,3.5636,1.9234,178.4966776769864,201.59364555908726,OK,34.8
meta-llama/Meta-Llama-3-8B,blackwell,8,384,131072,PlaneImbalance,3.5636,1.9234,195.8384474589332,236.26870047341328,OK,42.2
meta-llama/Meta-Llama-3-8B,blackwell,8,512,131072,PlaneImbalance,3.5636,1.9234,268.0179786782159,308.18120612595396,OK,62.1
