model,device,ctx_K,batch,dense_tpot_p50_ms,dense_tpot_p99_ms,sparse_tpot_p50_ms,sparse_tpot_p99_ms,speedup_dense_over_sparse,dense_hbf_stall_ms,sparse_hbf_stall_ms,dense_throughput_tok_s,sparse_throughput_tok_s
CodeLlama-34b-Instruct-hf,a100,4,4,94.79,106.55,94.67,106.41,1.001,0.0,0.0,75.26,75.36
CodeLlama-34b-Instruct-hf,a100,4,8,61.33,61.33,61.32,61.32,1.0,0.0,0.0,130.98,131.01
CodeLlama-34b-Instruct-hf,a100,4,16,61.32,61.32,61.32,61.32,1.0,0.0,0.0,131.0,131.0
CodeLlama-34b-Instruct-hf,a100,4,32,61.33,61.33,61.32,61.32,1.0,0.0,0.0,130.99,131.0
CodeLlama-34b-Instruct-hf,a100,4,64,61.33,61.33,61.33,61.33,1.0,0.0,0.0,130.99,130.99
CodeLlama-34b-Instruct-hf,a100,4,128,61.33,61.33,61.33,61.33,1.0,0.0,0.0,130.99,130.99
CodeLlama-34b-Instruct-hf,a100,8,4,94.73,106.48,94.73,106.48,1.0,0.0,0.0,75.31,75.31
CodeLlama-34b-Instruct-hf,a100,8,8,61.32,61.32,61.32,61.32,1.0,0.0,0.0,131.0,131.0
CodeLlama-34b-Instruct-hf,a100,8,16,61.32,61.32,61.32,61.32,1.0,0.0,0.0,131.0,131.0
CodeLlama-34b-Instruct-hf,a100,8,32,61.32,61.32,61.32,61.32,1.0,0.0,0.0,131.0,131.0
CodeLlama-34b-Instruct-hf,a100,8,64,61.32,61.32,61.32,61.32,1.0,0.0,0.0,131.0,131.0
CodeLlama-34b-Instruct-hf,a100,8,128,61.32,61.32,61.32,61.32,1.0,0.0,0.0,131.0,131.0
CodeLlama-34b-Instruct-hf,a100,16,4,94.73,106.48,94.73,106.48,1.0,0.0,0.0,75.31,75.31
CodeLlama-34b-Instruct-hf,a100,16,8,61.32,61.32,61.32,61.32,1.0,0.0,0.0,131.0,131.0
CodeLlama-34b-Instruct-hf,a100,16,16,61.32,61.32,61.32,61.32,1.0,0.0,0.0,131.0,131.0
CodeLlama-34b-Instruct-hf,a100,16,32,61.32,61.32,61.32,61.32,1.0,0.0,0.0,131.0,131.0
CodeLlama-34b-Instruct-hf,a100,16,64,61.32,61.32,61.32,61.32,1.0,0.0,0.0,131.0,131.0
CodeLlama-34b-Instruct-hf,a100,16,128,61.32,61.32,61.32,61.32,1.0,0.0,0.0,131.0,131.0
CodeLlama-34b-Instruct-hf,a100,32,4,94.73,106.48,94.73,106.48,1.0,0.0,0.0,75.31,75.31
CodeLlama-34b-Instruct-hf,a100,32,8,76.67,76.67,61.32,61.32,1.25,61.39,0.0,104.69,131.0
CodeLlama-34b-Instruct-hf,a100,32,16,76.67,76.67,61.32,61.32,1.25,61.39,0.0,104.69,131.0
CodeLlama-34b-Instruct-hf,a100,32,32,76.67,76.67,61.32,61.32,1.25,61.39,0.0,104.69,131.0
CodeLlama-34b-Instruct-hf,a100,32,64,76.67,76.67,61.32,61.32,1.25,61.39,0.0,104.69,131.0
CodeLlama-34b-Instruct-hf,a100,64,4,129.11,141.69,94.73,106.48,1.363,140.84,0.0,56.56,75.31
CodeLlama-34b-Instruct-hf,a100,64,8,141.68,141.68,61.32,61.32,2.311,321.44,0.0,56.57,131.0
CodeLlama-34b-Instruct-hf,a100,64,16,141.68,141.68,61.32,61.32,2.311,321.44,0.0,56.57,131.0
CodeLlama-34b-Instruct-hf,a100,64,32,141.68,141.68,61.32,61.32,2.311,321.44,0.0,56.57,131.0
CodeLlama-34b-Instruct-hf,a100,128,4,246.55,271.72,94.73,106.48,2.603,660.94,0.0,29.47,75.31
CodeLlama-34b-Instruct-hf,a100,128,8,271.71,271.71,61.32,61.32,4.431,841.53,0.0,29.47,131.0
CodeLlama-34b-Instruct-hf,a100,128,16,271.71,271.71,61.32,61.32,4.431,841.53,0.0,29.47,131.0
CodeLlama-34b-Instruct-hf,a100,256,4,486.84,537.18,94.73,106.48,5.139,1722.78,0.0,14.9,75.31
CodeLlama-34b-Instruct-hf,a100,256,8,537.17,537.17,64.34,64.34,8.349,1903.37,12.07,14.9,124.83
CodeLlama-34b-Instruct-hf,a100,512,4,973.38,1074.05,105.6,117.35,9.218,3870.26,43.47,7.45,68.32
CodeLlama-34b-Instruct-hf,a40,4,4,258.08,290.03,258.06,290.01,1.0,0.0,0.0,27.61,27.61
CodeLlama-34b-Instruct-hf,a40,4,8,166.75,166.75,166.66,166.66,1.001,0.0,0.0,48.05,48.07
CodeLlama-34b-Instruct-hf,a40,4,16,166.68,166.68,166.69,166.69,1.0,0.0,0.0,48.07,48.07
CodeLlama-34b-Instruct-hf,a40,4,32,166.67,166.67,166.67,166.67,1.0,0.0,0.0,48.07,48.07
CodeLlama-34b-Instruct-hf,a40,4,64,166.67,166.67,166.67,166.67,1.0,0.0,0.0,48.07,48.07
CodeLlama-34b-Instruct-hf,a40,4,128,166.67,166.67,166.67,166.67,1.0,0.0,0.0,48.07,48.07
CodeLlama-34b-Instruct-hf,a40,8,4,258.16,290.12,258.15,290.11,1.0,0.0,0.0,27.6,27.6
CodeLlama-34b-Instruct-hf,a40,8,8,166.69,166.69,166.69,166.69,1.0,0.0,0.0,48.07,48.07
CodeLlama-34b-Instruct-hf,a40,8,16,166.69,166.69,166.69,166.69,1.0,0.0,0.0,48.07,48.07
CodeLlama-34b-Instruct-hf,a40,8,32,166.69,166.69,166.69,166.69,1.0,0.0,0.0,48.07,48.07
CodeLlama-34b-Instruct-hf,a40,8,64,166.69,166.69,166.69,166.69,1.0,0.0,0.0,48.07,48.07
CodeLlama-34b-Instruct-hf,a40,8,128,166.69,166.69,166.69,166.69,1.0,0.0,0.0,48.07,48.07
CodeLlama-34b-Instruct-hf,a40,16,4,258.16,290.12,258.16,290.12,1.0,0.0,0.0,27.6,27.6
CodeLlama-34b-Instruct-hf,a40,16,8,166.69,166.69,166.69,166.69,1.0,0.0,0.0,48.07,48.07
CodeLlama-34b-Instruct-hf,a40,16,16,166.69,166.69,166.69,166.69,1.0,0.0,0.0,48.07,48.07
CodeLlama-34b-Instruct-hf,a40,16,32,166.69,166.69,166.69,166.69,1.0,0.0,0.0,48.07,48.07
CodeLlama-34b-Instruct-hf,a40,16,64,166.69,166.69,166.69,166.69,1.0,0.0,0.0,48.07,48.07
CodeLlama-34b-Instruct-hf,a40,16,128,166.69,166.69,166.69,166.69,1.0,0.0,0.0,48.07,48.07
CodeLlama-34b-Instruct-hf,a40,32,4,258.16,290.12,258.16,290.12,1.0,0.0,0.0,27.6,27.6
CodeLlama-34b-Instruct-hf,a40,32,8,166.69,166.69,166.69,166.69,1.0,0.0,0.0,48.07,48.07
CodeLlama-34b-Instruct-hf,a40,32,16,166.69,166.69,166.69,166.69,1.0,0.0,0.0,48.07,48.07
CodeLlama-34b-Instruct-hf,a40,32,32,166.69,166.69,166.69,166.69,1.0,0.0,0.0,48.07,48.07
CodeLlama-34b-Instruct-hf,a40,32,64,166.69,166.69,166.69,166.69,1.0,0.0,0.0,48.07,48.07
CodeLlama-34b-Instruct-hf,a40,64,4,258.16,290.12,258.16,290.12,1.0,0.0,0.0,27.6,27.6
CodeLlama-34b-Instruct-hf,a40,64,8,166.69,166.69,166.69,166.69,1.0,0.0,0.0,48.07,48.07
CodeLlama-34b-Instruct-hf,a40,64,16,166.69,166.69,166.69,166.69,1.0,0.0,0.0,48.07,48.07
CodeLlama-34b-Instruct-hf,a40,64,32,166.69,166.69,166.69,166.69,1.0,0.0,0.0,48.07,48.07
CodeLlama-34b-Instruct-hf,a40,128,4,266.41,298.37,258.16,290.12,1.032,33.02,0.0,26.84,27.6
CodeLlama-34b-Instruct-hf,a40,128,8,291.57,291.57,166.69,166.69,1.749,499.55,0.0,27.46,48.07
CodeLlama-34b-Instruct-hf,a40,128,16,291.57,291.57,166.69,166.69,1.749,499.55,0.0,27.46,48.07
CodeLlama-34b-Instruct-hf,a40,256,4,501.29,551.63,258.16,290.12,1.942,1046.05,0.0,14.51,27.6
CodeLlama-34b-Instruct-hf,a40,256,8,551.62,551.62,166.69,166.69,3.309,1539.74,0.0,14.51,48.07
CodeLlama-34b-Instruct-hf,a40,512,4,973.38,1074.05,258.16,290.12,3.77,3135.72,0.0,7.45,27.6
CodeLlama-34b-Instruct-hf,h100,4,4,52.1,58.55,52.0,58.42,1.002,0.0,0.0,137.24,137.53
CodeLlama-34b-Instruct-hf,h100,4,8,33.71,33.71,33.65,33.65,1.002,0.0,0.0,239.13,239.58
CodeLlama-34b-Instruct-hf,h100,4,16,33.71,33.71,33.71,33.71,1.0,0.0,0.0,239.14,239.14
CodeLlama-34b-Instruct-hf,h100,4,32,33.71,33.71,33.71,33.71,1.0,0.0,0.0,239.14,239.14
CodeLlama-34b-Instruct-hf,h100,4,64,33.71,33.71,33.71,33.71,1.0,0.0,0.0,239.14,239.14
CodeLlama-34b-Instruct-hf,h100,4,128,33.71,33.71,33.71,33.71,1.0,0.0,0.0,239.14,239.14
CodeLlama-34b-Instruct-hf,h100,8,4,52.1,58.54,52.1,58.54,1.0,0.0,0.0,137.26,137.26
CodeLlama-34b-Instruct-hf,h100,8,8,33.71,33.71,33.71,33.71,1.0,0.0,0.0,239.15,239.15
CodeLlama-34b-Instruct-hf,h100,8,16,33.71,33.71,33.71,33.71,1.0,0.0,0.0,239.15,239.15
CodeLlama-34b-Instruct-hf,h100,8,32,33.71,33.71,33.71,33.71,1.0,0.0,0.0,239.15,239.15
CodeLlama-34b-Instruct-hf,h100,8,64,33.71,33.71,33.71,33.71,1.0,0.0,0.0,239.15,239.15
CodeLlama-34b-Instruct-hf,h100,8,128,33.71,33.71,33.71,33.71,1.0,0.0,0.0,239.15,239.15
CodeLlama-34b-Instruct-hf,h100,16,4,52.1,58.54,52.1,58.54,1.0,0.0,0.0,137.26,137.26
CodeLlama-34b-Instruct-hf,h100,16,8,39.05,39.05,33.71,33.71,1.158,21.39,0.0,206.19,239.15
CodeLlama-34b-Instruct-hf,h100,16,16,39.05,39.05,33.71,33.71,1.158,21.39,0.0,206.19,239.15
CodeLlama-34b-Instruct-hf,h100,16,32,39.05,39.05,33.71,33.71,1.158,21.39,0.0,206.19,239.15
CodeLlama-34b-Instruct-hf,h100,16,64,39.05,39.05,33.71,33.71,1.158,21.39,0.0,206.19,239.15
CodeLlama-34b-Instruct-hf,h100,16,128,39.05,39.05,33.71,33.71,1.158,21.39,0.0,206.19,239.15
CodeLlama-34b-Instruct-hf,h100,32,4,65.27,71.72,52.1,58.54,1.253,52.7,0.0,111.95,137.26
CodeLlama-34b-Instruct-hf,h100,32,8,71.56,71.56,33.71,33.71,2.123,151.41,0.0,112.19,239.15
CodeLlama-34b-Instruct-hf,h100,32,16,71.56,71.56,33.71,33.71,2.123,151.41,0.0,112.19,239.15
CodeLlama-34b-Instruct-hf,h100,32,32,71.56,71.56,33.71,33.71,2.123,151.41,0.0,112.19,239.15
CodeLlama-34b-Instruct-hf,h100,32,64,71.56,71.56,33.71,33.71,2.123,151.41,0.0,112.19,239.15
CodeLlama-34b-Instruct-hf,h100,64,4,123.99,136.58,52.1,58.54,2.38,312.17,0.0,58.68,137.26
CodeLlama-34b-Instruct-hf,h100,64,8,136.57,136.57,33.71,33.71,4.051,411.46,0.0,58.69,239.15
CodeLlama-34b-Instruct-hf,h100,64,16,136.57,136.57,33.71,33.71,4.051,411.46,0.0,58.69,239.15
CodeLlama-34b-Instruct-hf,h100,64,32,136.57,136.57,33.71,33.71,4.051,411.46,0.0,58.69,239.15
CodeLlama-34b-Instruct-hf,h100,128,4,243.57,268.74,52.1,58.54,4.675,840.81,0.0,29.8,137.26
CodeLlama-34b-Instruct-hf,h100,128,8,268.73,268.73,33.71,33.71,7.972,940.09,0.0,29.8,239.15
CodeLlama-34b-Instruct-hf,h100,128,16,268.73,268.73,33.71,33.71,7.972,940.09,0.0,29.8,239.15
CodeLlama-34b-Instruct-hf,h100,256,4,486.84,537.18,53.5,59.94,9.1,1914.55,5.59,14.9,134.04
CodeLlama-34b-Instruct-hf,h100,256,8,537.17,537.17,58.52,58.52,9.179,2013.84,99.25,14.9,137.3
CodeLlama-34b-Instruct-hf,h100,512,4,973.38,1074.05,100.49,110.56,9.686,4062.03,208.08,7.45,72.53
Llama-2-70b-hf,a100,4,4,191.13,214.87,191.08,214.82,1.0,0.0,0.0,37.28,37.29
Llama-2-70b-hf,a100,4,8,122.73,122.73,122.81,122.81,0.999,0.0,0.0,65.32,65.27
Llama-2-70b-hf,a100,4,16,122.81,122.81,122.81,122.81,1.0,0.0,0.0,65.28,65.28
Llama-2-70b-hf,a100,4,32,122.81,122.81,122.82,122.82,1.0,0.0,0.0,65.28,65.27
Llama-2-70b-hf,a100,4,64,122.81,122.81,122.82,122.82,1.0,0.0,0.0,65.27,65.27
Llama-2-70b-hf,a100,4,128,122.81,122.81,122.82,122.82,1.0,0.0,0.0,65.28,65.27
Llama-2-70b-hf,a100,8,4,191.13,214.88,191.13,214.88,1.0,0.0,0.0,37.27,37.27
Llama-2-70b-hf,a100,8,8,122.81,122.81,122.81,122.81,1.0,0.0,0.0,65.28,65.28
Llama-2-70b-hf,a100,8,16,122.81,122.81,122.81,122.81,1.0,0.0,0.0,65.28,65.28
Llama-2-70b-hf,a100,8,32,122.81,122.81,122.81,122.81,1.0,0.0,0.0,65.28,65.28
Llama-2-70b-hf,a100,8,64,122.81,122.81,122.81,122.81,1.0,0.0,0.0,65.28,65.28
Llama-2-70b-hf,a100,8,128,122.81,122.81,122.81,122.81,1.0,0.0,0.0,65.28,65.28
Llama-2-70b-hf,a100,16,4,191.13,214.88,191.13,214.88,1.0,0.0,0.0,37.27,37.27
Llama-2-70b-hf,a100,16,8,122.81,122.81,122.81,122.81,1.0,0.0,0.0,65.28,65.28
Llama-2-70b-hf,a100,16,16,122.81,122.81,122.81,122.81,1.0,0.0,0.0,65.28,65.28
Llama-2-70b-hf,a100,16,32,122.81,122.81,122.81,122.81,1.0,0.0,0.0,65.28,65.28
Llama-2-70b-hf,a100,16,64,122.81,122.81,122.81,122.81,1.0,0.0,0.0,65.28,65.28
Llama-2-70b-hf,a100,32,4,191.13,214.88,191.13,214.88,1.0,0.0,0.0,37.27,37.27
Llama-2-70b-hf,a100,32,8,132.2,132.2,122.81,122.81,1.076,37.54,0.0,60.63,65.28
Llama-2-70b-hf,a100,32,16,132.2,132.2,122.81,122.81,1.076,37.54,0.0,60.63,65.28
Llama-2-70b-hf,a100,32,32,132.2,132.2,122.81,122.81,1.076,37.54,0.0,60.63,65.28
Llama-2-70b-hf,a100,64,4,219.16,242.91,191.13,214.88,1.147,112.12,0.0,32.97,37.27
Llama-2-70b-hf,a100,64,8,240.12,240.12,122.81,122.81,1.955,469.24,0.0,33.35,65.28
Llama-2-70b-hf,a100,64,16,240.12,240.12,122.81,122.81,1.955,469.24,0.0,33.35,65.28
Llama-2-70b-hf,a100,128,4,414.88,456.83,191.13,214.88,2.171,967.79,0.0,17.52,37.27
Llama-2-70b-hf,a100,128,8,456.81,456.81,122.81,122.81,3.72,1335.98,0.0,17.52,65.28
Llama-2-70b-hf,a100,256,4,811.15,895.03,191.13,214.88,4.244,2720.62,0.0,8.94,37.27
Llama-2-70b-hf,a40,4,4,524.8,589.87,525.76,590.96,0.998,0.0,0.0,13.57,13.54
Llama-2-70b-hf,a40,4,8,336.73,336.73,337.36,337.36,0.998,0.0,0.0,23.78,23.73
Llama-2-70b-hf,a40,4,16,336.75,336.75,336.75,336.75,1.0,0.0,0.0,23.77,23.77
Llama-2-70b-hf,a40,4,32,336.75,336.75,336.69,336.69,1.0,0.0,0.0,23.77,23.78
Llama-2-70b-hf,a40,4,64,336.75,336.75,336.75,336.75,1.0,0.0,0.0,23.77,23.77
Llama-2-70b-hf,a40,4,128,336.75,336.75,336.75,336.75,1.0,0.0,0.0,23.77,23.77
Llama-2-70b-hf,a40,8,4,524.74,589.81,524.74,589.81,1.0,0.0,0.0,13.57,13.57
Llama-2-70b-hf,a40,8,8,336.67,336.67,336.67,336.67,1.0,0.0,0.0,23.78,23.78
Llama-2-70b-hf,a40,8,16,336.67,336.67,336.67,336.67,1.0,0.0,0.0,23.78,23.78
Llama-2-70b-hf,a40,8,32,336.67,336.67,336.67,336.67,1.0,0.0,0.0,23.78,23.78
Llama-2-70b-hf,a40,8,64,336.67,336.67,336.67,336.67,1.0,0.0,0.0,23.78,23.78
Llama-2-70b-hf,a40,8,128,336.67,336.67,336.67,336.67,1.0,0.0,0.0,23.78,23.78
Llama-2-70b-hf,a40,16,4,524.72,589.78,524.72,589.78,1.0,0.0,0.0,13.57,13.57
Llama-2-70b-hf,a40,16,8,336.71,336.71,336.71,336.71,1.0,0.0,0.0,23.78,23.78
Llama-2-70b-hf,a40,16,16,336.71,336.71,336.71,336.71,1.0,0.0,0.0,23.78,23.78
Llama-2-70b-hf,a40,16,32,336.71,336.71,336.71,336.71,1.0,0.0,0.0,23.78,23.78
Llama-2-70b-hf,a40,16,64,336.71,336.71,336.71,336.71,1.0,0.0,0.0,23.78,23.78
Llama-2-70b-hf,a40,32,4,524.72,589.78,524.72,589.78,1.0,0.0,0.0,13.57,13.57
Llama-2-70b-hf,a40,32,8,336.71,336.71,336.71,336.71,1.0,0.0,0.0,23.78,23.78
Llama-2-70b-hf,a40,32,16,336.71,336.71,336.71,336.71,1.0,0.0,0.0,23.78,23.78
Llama-2-70b-hf,a40,32,32,336.71,336.71,336.71,336.71,1.0,0.0,0.0,23.78,23.78
Llama-2-70b-hf,a40,64,4,524.72,589.78,524.72,589.78,1.0,0.0,0.0,13.57,13.57
Llama-2-70b-hf,a40,64,8,336.71,336.71,336.71,336.71,1.0,0.0,0.0,23.78,23.78
Llama-2-70b-hf,a40,64,16,336.71,336.71,336.71,336.71,1.0,0.0,0.0,23.78,23.78
Llama-2-70b-hf,a40,128,4,524.72,589.78,524.72,589.78,1.0,0.0,0.0,13.57,13.57
Llama-2-70b-hf,a40,128,8,497.53,497.53,336.71,336.71,1.478,643.28,0.0,16.09,23.78
Llama-2-70b-hf,a40,256,4,847.03,930.92,524.72,589.78,1.614,1364.53,0.0,8.6,13.57
Llama-2-70b-hf,h100,4,4,103.9,116.77,103.51,116.33,1.004,0.0,0.0,68.66,68.92
Llama-2-70b-hf,h100,4,8,66.6,66.6,66.72,66.72,0.998,0.0,0.0,120.57,120.37
Llama-2-70b-hf,h100,4,16,66.73,66.73,66.73,66.73,1.0,0.0,0.0,120.35,120.34
Llama-2-70b-hf,h100,4,32,66.73,66.73,66.73,66.73,1.0,0.0,0.0,120.34,120.35
Llama-2-70b-hf,h100,4,64,66.73,66.73,66.73,66.73,1.0,0.0,0.0,120.34,120.34
Llama-2-70b-hf,h100,4,128,66.73,66.73,66.73,66.73,1.0,0.0,0.0,120.34,120.34
Llama-2-70b-hf,h100,8,4,103.74,116.59,103.74,116.59,1.0,0.0,0.0,68.76,68.76
Llama-2-70b-hf,h100,8,8,66.74,66.74,66.74,66.74,1.0,0.0,0.0,120.32,120.32
Llama-2-70b-hf,h100,8,16,66.74,66.74,66.74,66.74,1.0,0.0,0.0,120.32,120.32
Llama-2-70b-hf,h100,8,32,66.74,66.74,66.74,66.74,1.0,0.0,0.0,120.32,120.32
Llama-2-70b-hf,h100,8,64,66.74,66.74,66.74,66.74,1.0,0.0,0.0,120.32,120.32
Llama-2-70b-hf,h100,8,128,66.74,66.74,66.74,66.74,1.0,0.0,0.0,120.32,120.32
Llama-2-70b-hf,h100,16,4,103.74,116.59,103.74,116.59,1.0,0.0,0.0,68.76,68.76
Llama-2-70b-hf,h100,16,8,68.21,68.21,66.74,66.74,1.022,5.88,0.0,117.72,120.32
Llama-2-70b-hf,h100,16,16,68.21,68.21,66.74,66.74,1.022,5.88,0.0,117.72,120.32
Llama-2-70b-hf,h100,16,32,68.21,68.21,66.74,66.74,1.022,5.88,0.0,117.72,120.32
Llama-2-70b-hf,h100,16,64,68.21,68.21,66.74,66.74,1.022,5.88,0.0,117.72,120.32
Llama-2-70b-hf,h100,32,4,110.74,123.6,103.74,116.59,1.067,28.02,0.0,64.86,68.76
Llama-2-70b-hf,h100,32,8,121.22,121.22,66.74,66.74,1.816,217.89,0.0,66.14,120.32
Llama-2-70b-hf,h100,32,16,121.22,121.22,66.74,66.74,1.816,217.89,0.0,66.14,120.32
Llama-2-70b-hf,h100,32,32,121.22,121.22,66.74,66.74,1.816,217.89,0.0,66.14,120.32
Llama-2-70b-hf,h100,64,4,208.6,229.58,103.74,116.59,2.011,451.94,0.0,34.89,68.76
Llama-2-70b-hf,h100,64,8,229.56,229.56,66.74,66.74,3.44,651.26,0.0,34.89,120.32
Llama-2-70b-hf,h100,64,16,229.56,229.56,66.74,66.74,3.44,651.26,0.0,34.89,120.32
Llama-2-70b-hf,h100,128,4,405.74,447.68,103.74,116.59,3.911,1324.37,0.0,17.88,68.76
Llama-2-70b-hf,h100,128,8,447.67,447.67,66.74,66.74,6.708,1523.69,0.0,17.88,120.32
Llama-2-70b-hf,h100,256,4,811.15,895.03,103.74,116.59,7.819,3113.76,0.0,8.94,68.76
Llama-2-7b-hf,a100,4,4,29.75,33.04,29.75,33.04,1.0,0.0,0.0,244.02,244.02
Llama-2-7b-hf,a100,4,8,25.3,25.3,24.96,24.96,1.014,1.34,0.0,319.47,323.8
Llama-2-7b-hf,a100,4,16,25.3,25.3,24.96,24.96,1.014,1.34,0.0,319.47,323.8
Llama-2-7b-hf,a100,4,32,25.3,25.3,24.96,24.96,1.014,1.34,0.0,319.47,323.8
Llama-2-7b-hf,a100,4,64,25.3,25.3,24.96,24.96,1.014,1.34,0.0,319.47,323.8
Llama-2-7b-hf,a100,4,128,25.3,25.3,24.96,24.96,1.014,1.34,0.0,319.47,323.8
Llama-2-7b-hf,a100,8,4,42.2,46.41,29.75,33.04,1.418,53.49,0.0,173.33,244.02
Llama-2-7b-hf,a100,8,8,46.38,46.38,24.96,24.96,1.858,85.69,0.0,173.42,323.8
Llama-2-7b-hf,a100,8,16,46.38,46.38,24.96,24.96,1.858,85.69,0.0,173.42,323.8
Llama-2-7b-hf,a100,8,32,46.38,46.38,24.96,24.96,1.858,85.69,0.0,173.42,323.8
Llama-2-7b-hf,a100,8,64,46.38,46.38,24.96,24.96,1.858,85.69,0.0,173.42,323.8
Llama-2-7b-hf,a100,16,4,81.45,89.85,29.75,33.04,2.738,227.25,0.0,89.29,244.02
Llama-2-7b-hf,a100,16,8,89.83,89.83,24.96,24.96,3.599,259.46,0.0,89.31,323.8
Llama-2-7b-hf,a100,16,16,89.83,89.83,24.96,24.96,3.599,259.46,0.0,89.31,323.8
Llama-2-7b-hf,a100,16,32,89.83,89.83,24.96,24.96,3.599,259.46,0.0,89.31,323.8
Llama-2-7b-hf,a100,32,4,162.53,179.33,29.75,33.04,5.463,585.15,0.0,44.68,244.02
Llama-2-7b-hf,a100,32,8,179.3,179.3,24.96,24.96,7.183,617.35,0.0,44.68,323.8
Llama-2-7b-hf,a100,32,16,179.3,179.3,24.96,24.96,7.183,617.35,0.0,44.68,323.8
Llama-2-7b-hf,a100,64,4,324.7,358.27,34.35,37.71,9.453,1300.93,18.69,22.35,213.58
Llama-2-7b-hf,a100,64,8,358.25,358.25,37.69,37.69,9.505,1333.13,50.89,22.35,213.73
Llama-2-7b-hf,a100,128,4,649.04,716.16,65.62,72.33,9.891,2732.5,157.17,11.17,110.99
Llama-2-7b-hf,a40,4,4,74.69,84.02,74.65,83.97,1.001,0.0,0.0,95.51,95.57
Llama-2-7b-hf,a40,4,8,61.14,61.14,61.16,61.16,1.0,0.0,0.0,131.4,131.34
Llama-2-7b-hf,a40,4,16,61.14,61.14,61.17,61.17,1.0,0.0,0.0,131.4,131.32
Llama-2-7b-hf,a40,4,32,61.15,61.15,61.15,61.15,1.0,0.0,0.0,131.37,131.37
Llama-2-7b-hf,a40,4,64,61.14,61.14,61.15,61.15,1.0,0.0,0.0,131.4,131.37
Llama-2-7b-hf,a40,4,128,61.14,61.14,61.14,61.14,1.0,0.0,0.0,131.4,131.4
Llama-2-7b-hf,a40,8,4,74.64,83.97,74.64,83.97,1.0,0.0,0.0,95.56,95.56
Llama-2-7b-hf,a40,8,8,61.14,61.14,61.14,61.14,1.0,0.0,0.0,131.4,131.4
Llama-2-7b-hf,a40,8,16,61.14,61.14,61.14,61.14,1.0,0.0,0.0,131.4,131.4
Llama-2-7b-hf,a40,8,32,61.14,61.14,61.14,61.14,1.0,0.0,0.0,131.4,131.4
Llama-2-7b-hf,a40,8,64,61.14,61.14,61.14,61.14,1.0,0.0,0.0,131.4,131.4
Llama-2-7b-hf,a40,16,4,85.64,94.96,74.64,83.97,1.147,43.98,0.0,84.47,95.56
Llama-2-7b-hf,a40,16,8,94.02,94.02,61.14,61.14,1.538,131.51,0.0,85.32,131.4
Llama-2-7b-hf,a40,16,16,94.02,94.02,61.14,61.14,1.538,131.51,0.0,85.32,131.4
Llama-2-7b-hf,a40,16,32,94.02,94.02,61.14,61.14,1.538,131.51,0.0,85.32,131.4
Llama-2-7b-hf,a40,32,4,163.93,180.72,74.64,83.97,2.196,387.0,0.0,44.33,95.56
Llama-2-7b-hf,a40,32,8,180.69,180.69,61.14,61.14,2.955,478.21,0.0,44.34,131.4
Llama-2-7b-hf,a40,32,16,180.69,180.69,61.14,61.14,2.955,478.21,0.0,44.34,131.4
Llama-2-7b-hf,a40,64,4,324.7,358.27,74.64,83.97,4.35,1097.21,0.0,22.35,95.56
Llama-2-7b-hf,a40,64,8,358.25,358.25,61.14,61.14,5.86,1188.42,0.0,22.35,131.4
Llama-2-7b-hf,a40,128,4,649.04,716.16,74.64,83.97,8.696,2528.78,0.0,11.17,95.56
Llama-2-7b-hf,h100,4,4,21.58,23.69,17.13,19.18,1.26,18.08,0.0,341.36,422.69
Llama-2-7b-hf,h100,4,8,23.67,23.67,12.85,12.85,1.842,43.26,0.0,341.73,635.3
Llama-2-7b-hf,h100,4,16,23.67,23.67,12.84,12.84,1.843,43.27,0.0,341.73,635.64
Llama-2-7b-hf,h100,4,32,23.67,23.67,12.85,12.85,1.842,43.27,0.0,341.73,635.36
Llama-2-7b-hf,h100,4,64,23.67,23.67,12.85,12.85,1.842,43.26,0.0,341.73,635.17
Llama-2-7b-hf,h100,4,128,23.67,23.67,12.85,12.85,1.842,43.28,0.0,341.73,635.36
Llama-2-7b-hf,h100,8,4,41.15,45.36,17.12,19.18,2.404,104.74,0.0,177.36,422.81
Llama-2-7b-hf,h100,8,8,45.33,45.33,12.85,12.85,3.528,129.95,0.0,177.46,635.36
Llama-2-7b-hf,h100,8,16,45.33,45.33,12.85,12.85,3.528,129.95,0.0,177.46,635.36
Llama-2-7b-hf,h100,8,32,45.33,45.33,12.85,12.85,3.528,129.95,0.0,177.46,635.36
Llama-2-7b-hf,h100,8,64,45.33,45.33,12.85,12.85,3.528,129.95,0.0,177.46,635.36
Llama-2-7b-hf,h100,16,4,81.45,89.85,17.12,19.18,4.758,282.7,0.0,89.29,422.81
Llama-2-7b-hf,h100,16,8,89.83,89.83,12.85,12.85,6.991,307.92,0.0,89.31,635.36
Llama-2-7b-hf,h100,16,16,89.83,89.83,12.85,12.85,6.991,307.92,0.0,89.31,635.36
Llama-2-7b-hf,h100,16,32,89.83,89.83,12.85,12.85,6.991,307.92,0.0,89.31,635.36
Llama-2-7b-hf,h100,32,4,162.53,179.33,17.62,19.68,9.224,640.6,2.0,44.68,411.93
Llama-2-7b-hf,h100,32,8,179.3,179.3,19.28,19.28,9.3,665.81,25.75,44.68,420.44
Llama-2-7b-hf,h100,32,16,179.3,179.3,19.28,19.28,9.3,665.81,25.75,44.68,420.44
Llama-2-7b-hf,h100,64,4,324.7,358.27,33.3,36.66,9.751,1356.38,69.94,22.35,219.74
Llama-2-7b-hf,h100,64,8,358.25,358.25,36.64,36.64,9.778,1381.59,95.15,22.35,219.9
Llama-2-7b-hf,h100,128,4,649.04,716.16,65.16,71.87,9.961,2787.95,210.79,11.17,111.7
Meta-Llama-3-70B,a100,4,4,192.57,216.44,192.56,216.43,1.0,0.0,0.0,37.0,37.01
Meta-Llama-3-70B,a100,4,8,123.57,123.57,123.54,123.54,1.0,0.0,0.0,64.87,64.89
Meta-Llama-3-70B,a100,4,16,123.53,123.53,123.54,123.54,1.0,0.0,0.0,64.89,64.89
Meta-Llama-3-70B,a100,4,32,123.55,123.55,123.55,123.55,1.0,0.0,0.0,64.89,64.89
Meta-Llama-3-70B,a100,4,64,123.53,123.53,123.54,123.54,1.0,0.0,0.0,64.89,64.89
Meta-Llama-3-70B,a100,4,128,123.55,123.55,123.53,123.53,1.0,0.0,0.0,64.89,64.89
Meta-Llama-3-70B,a100,8,4,198.79,223.33,198.79,223.33,1.0,0.0,0.0,35.86,35.86
Meta-Llama-3-70B,a100,8,8,130.37,130.37,130.37,130.37,1.0,0.0,0.0,61.48,61.48
Meta-Llama-3-70B,a100,8,16,130.37,130.37,130.37,130.37,1.0,0.0,0.0,61.48,61.48
Meta-Llama-3-70B,a100,8,32,130.37,130.37,130.37,130.37,1.0,0.0,0.0,61.48,61.48
Meta-Llama-3-70B,a100,8,64,130.37,130.37,130.37,130.37,1.0,0.0,0.0,61.48,61.48
Meta-Llama-3-70B,a100,8,128,130.37,130.37,130.37,130.37,1.0,0.0,0.0,61.48,61.48
Meta-Llama-3-70B,a100,16,4,210.63,236.34,210.63,236.34,1.0,0.0,0.0,33.89,33.89
Meta-Llama-3-70B,a100,16,8,143.28,143.28,143.28,143.28,1.0,0.0,0.0,55.93,55.93
Meta-Llama-3-70B,a100,16,16,143.28,143.28,143.28,143.28,1.0,0.0,0.0,55.93,55.93
Meta-Llama-3-70B,a100,16,32,143.28,143.28,143.28,143.28,1.0,0.0,0.0,55.93,55.93
Meta-Llama-3-70B,a100,16,64,143.28,143.28,143.28,143.28,1.0,0.0,0.0,55.93,55.93
Meta-Llama-3-70B,a100,32,4,210.63,236.34,210.63,236.34,1.0,0.0,0.0,33.89,33.89
Meta-Llama-3-70B,a100,32,8,143.28,143.28,143.28,143.28,1.0,0.0,0.0,55.93,55.93
Meta-Llama-3-70B,a100,32,16,143.28,143.28,143.28,143.28,1.0,0.0,0.0,55.93,55.93
Meta-Llama-3-70B,a100,32,32,143.28,143.28,143.28,143.28,1.0,0.0,0.0,55.93,55.93
Meta-Llama-3-70B,a100,64,4,220.02,245.73,210.63,236.34,1.045,37.56,0.0,32.59,33.89
Meta-Llama-3-70B,a100,64,8,240.98,240.98,143.28,143.28,1.682,390.82,0.0,33.23,55.93
Meta-Llama-3-70B,a100,64,16,240.98,240.98,143.28,143.28,1.682,390.82,0.0,33.23,55.93
Meta-Llama-3-70B,a100,128,4,415.74,457.69,210.63,236.34,1.974,885.4,0.0,17.49,33.89
Meta-Llama-3-70B,a100,128,8,457.67,457.67,143.28,143.28,3.194,1257.56,0.0,17.49,55.93
Meta-Llama-3-70B,a100,256,4,811.15,895.03,210.63,236.34,3.851,2634.79,0.0,8.94,33.89
Meta-Llama-3-70B,a40,4,4,192.46,216.31,192.44,216.29,1.0,0.0,0.0,37.03,37.03
Meta-Llama-3-70B,a40,4,8,123.55,123.55,123.48,123.48,1.001,0.0,0.0,64.88,64.92
Meta-Llama-3-70B,a40,4,16,123.54,123.54,123.54,123.54,1.0,0.0,0.0,64.89,64.89
Meta-Llama-3-70B,a40,4,32,123.55,123.55,123.54,123.54,1.0,0.0,0.0,64.89,64.89
Meta-Llama-3-70B,a40,4,64,123.54,123.54,123.54,123.54,1.0,0.0,0.0,64.89,64.89
Meta-Llama-3-70B,a40,4,128,123.54,123.54,123.54,123.54,1.0,0.0,0.0,64.89,64.89
Meta-Llama-3-70B,a40,8,4,198.78,223.32,198.78,223.32,1.0,0.0,0.0,35.86,35.86
Meta-Llama-3-70B,a40,8,8,130.4,130.4,130.4,130.4,1.0,0.0,0.0,61.47,61.47
Meta-Llama-3-70B,a40,8,16,130.4,130.4,130.4,130.4,1.0,0.0,0.0,61.47,61.47
Meta-Llama-3-70B,a40,8,32,130.4,130.4,130.4,130.4,1.0,0.0,0.0,61.47,61.47
Meta-Llama-3-70B,a40,8,64,130.4,130.4,130.4,130.4,1.0,0.0,0.0,61.47,61.47
Meta-Llama-3-70B,a40,8,128,130.4,130.4,130.4,130.4,1.0,0.0,0.0,61.47,61.47
Meta-Llama-3-70B,a40,16,4,210.61,236.31,210.61,236.31,1.0,0.0,0.0,33.89,33.89
Meta-Llama-3-70B,a40,16,8,143.3,143.3,143.3,143.3,1.0,0.0,0.0,55.93,55.93
Meta-Llama-3-70B,a40,16,16,143.3,143.3,143.3,143.3,1.0,0.0,0.0,55.93,55.93
Meta-Llama-3-70B,a40,16,32,143.3,143.3,143.3,143.3,1.0,0.0,0.0,55.93,55.93
Meta-Llama-3-70B,a40,16,64,143.3,143.3,143.3,143.3,1.0,0.0,0.0,55.93,55.93
Meta-Llama-3-70B,a40,32,4,210.6,236.3,210.6,236.3,1.0,0.0,0.0,33.89,33.89
Meta-Llama-3-70B,a40,32,8,143.3,143.3,143.3,143.3,1.0,0.0,0.0,55.93,55.93
Meta-Llama-3-70B,a40,32,16,143.3,143.3,143.3,143.3,1.0,0.0,0.0,55.93,55.93
Meta-Llama-3-70B,a40,32,32,143.3,143.3,143.3,143.3,1.0,0.0,0.0,55.93,55.93
Meta-Llama-3-70B,a40,64,4,220.02,245.72,210.6,236.3,1.045,37.67,0.0,32.59,33.89
Meta-Llama-3-70B,a40,64,8,240.98,240.98,143.3,143.3,1.682,390.74,0.0,33.23,55.93
Meta-Llama-3-70B,a40,64,16,240.98,240.98,143.3,143.3,1.682,390.74,0.0,33.23,55.93
Meta-Llama-3-70B,a40,128,4,415.74,457.68,210.6,236.3,1.974,885.52,0.0,17.49,33.89
Meta-Llama-3-70B,a40,128,8,457.67,457.67,143.3,143.3,3.194,1257.47,0.0,17.49,55.93
Meta-Llama-3-70B,a40,256,4,811.15,895.03,210.6,236.3,3.852,2634.92,0.0,8.94,33.89
Meta-Llama-3-70B,h100,4,4,192.57,216.44,192.59,216.46,1.0,0.0,0.0,37.0,37.0
Meta-Llama-3-70B,h100,4,8,123.55,123.55,124.19,124.19,0.995,0.0,0.0,64.89,64.55
Meta-Llama-3-70B,h100,4,16,124.2,124.2,124.2,124.2,1.0,0.0,0.0,64.55,64.54
Meta-Llama-3-70B,h100,4,32,124.2,124.2,124.2,124.2,1.0,0.0,0.0,64.54,64.54
Meta-Llama-3-70B,h100,4,64,124.2,124.2,124.2,124.2,1.0,0.0,0.0,64.54,64.54
Meta-Llama-3-70B,h100,4,128,124.2,124.2,124.2,124.2,1.0,0.0,0.0,64.54,64.54
Meta-Llama-3-70B,h100,8,4,199.84,224.51,199.84,224.51,1.0,0.0,0.0,35.67,35.67
Meta-Llama-3-70B,h100,8,8,131.02,131.02,131.02,131.02,1.0,0.0,0.0,61.18,61.18
Meta-Llama-3-70B,h100,8,16,131.02,131.02,131.02,131.02,1.0,0.0,0.0,61.18,61.18
Meta-Llama-3-70B,h100,8,32,131.02,131.02,131.02,131.02,1.0,0.0,0.0,61.18,61.18
Meta-Llama-3-70B,h100,8,64,131.02,131.02,131.02,131.02,1.0,0.0,0.0,61.18,61.18
Meta-Llama-3-70B,h100,8,128,131.02,131.02,131.02,131.02,1.0,0.0,0.0,61.18,61.18
Meta-Llama-3-70B,h100,16,4,211.64,237.48,211.64,237.48,1.0,0.0,0.0,33.72,33.72
Meta-Llama-3-70B,h100,16,8,143.98,143.98,143.98,143.98,1.0,0.0,0.0,55.66,55.66
Meta-Llama-3-70B,h100,16,16,143.98,143.98,143.98,143.98,1.0,0.0,0.0,55.66,55.66
Meta-Llama-3-70B,h100,16,32,143.98,143.98,143.98,143.98,1.0,0.0,0.0,55.66,55.66
Meta-Llama-3-70B,h100,16,64,143.98,143.98,143.98,143.98,1.0,0.0,0.0,55.66,55.66
Meta-Llama-3-70B,h100,32,4,211.64,237.48,211.64,237.48,1.0,0.0,0.0,33.72,33.72
Meta-Llama-3-70B,h100,32,8,143.98,143.98,143.98,143.98,1.0,0.0,0.0,55.66,55.66
Meta-Llama-3-70B,h100,32,16,143.98,143.98,143.98,143.98,1.0,0.0,0.0,55.66,55.66
Meta-Llama-3-70B,h100,32,32,143.98,143.98,143.98,143.98,1.0,0.0,0.0,55.66,55.66
Meta-Llama-3-70B,h100,64,4,220.15,245.98,211.64,237.48,1.04,34.03,0.0,32.56,33.72
Meta-Llama-3-70B,h100,64,8,241.11,241.11,143.98,143.98,1.675,388.54,0.0,33.21,55.66
Meta-Llama-3-70B,h100,64,16,241.11,241.11,143.98,143.98,1.675,388.54,0.0,33.21,55.66
Meta-Llama-3-70B,h100,128,4,415.87,457.81,211.64,237.48,1.965,881.35,0.0,17.48,33.72
Meta-Llama-3-70B,h100,128,8,457.8,457.8,143.98,143.98,3.18,1255.28,0.0,17.48,55.66
Meta-Llama-3-70B,h100,256,4,811.15,895.03,211.64,237.48,3.833,2630.23,0.0,8.94,33.72
Meta-Llama-3-8B,a100,4,4,24.48,27.43,24.48,27.43,1.0,0.0,0.0,294.43,294.43
Meta-Llama-3-8B,a100,4,8,16.59,16.59,16.59,16.59,1.0,0.0,0.0,489.68,489.68
Meta-Llama-3-8B,a100,4,16,16.59,16.59,16.59,16.59,1.0,0.0,0.0,489.68,489.68
Meta-Llama-3-8B,a100,4,32,16.59,16.59,16.59,16.59,1.0,0.0,0.0,489.68,489.68
Meta-Llama-3-8B,a100,4,64,16.59,16.59,16.59,16.59,1.0,0.0,0.0,489.68,489.68
Meta-Llama-3-8B,a100,4,128,16.59,16.59,16.59,16.59,1.0,0.0,0.0,489.68,489.68
Meta-Llama-3-8B,a100,8,4,26.97,30.2,26.97,30.2,1.0,0.0,0.0,267.16,267.16
Meta-Llama-3-8B,a100,8,8,19.31,19.31,19.31,19.31,1.0,0.0,0.0,419.81,419.81
Meta-Llama-3-8B,a100,8,16,19.31,19.31,19.31,19.31,1.0,0.0,0.0,419.81,419.81
Meta-Llama-3-8B,a100,8,32,19.31,19.31,19.31,19.31,1.0,0.0,0.0,419.81,419.81
Meta-Llama-3-8B,a100,8,64,19.31,19.31,19.31,19.31,1.0,0.0,0.0,419.81,419.81
Meta-Llama-3-8B,a100,8,128,19.31,19.31,19.31,19.31,1.0,0.0,0.0,419.81,419.81
Meta-Llama-3-8B,a100,16,4,31.58,35.27,31.58,35.27,1.0,0.0,0.0,228.45,228.45
Meta-Llama-3-8B,a100,16,8,25.2,25.2,24.4,24.4,1.033,3.2,0.0,320.76,331.38
Meta-Llama-3-8B,a100,16,16,25.2,25.2,24.4,24.4,1.033,3.2,0.0,320.76,331.38
Meta-Llama-3-8B,a100,16,32,25.2,25.2,24.4,24.4,1.033,3.2,0.0,320.76,331.38
Meta-Llama-3-8B,a100,16,64,25.2,25.2,24.4,24.4,1.033,3.2,0.0,320.76,331.38
Meta-Llama-3-8B,a100,16,128,25.2,25.2,24.4,24.4,1.033,3.2,0.0,320.76,331.38
Meta-Llama-3-8B,a100,32,4,42.43,46.63,31.58,35.27,1.344,45.42,0.0,172.51,228.45
Meta-Llama-3-8B,a100,32,8,46.62,46.62,24.4,24.4,1.911,88.89,0.0,172.55,331.38
Meta-Llama-3-8B,a100,32,16,46.62,46.62,24.4,24.4,1.911,88.89,0.0,172.55,331.38
Meta-Llama-3-8B,a100,32,32,46.62,46.62,24.4,24.4,1.911,88.89,0.0,172.55,331.38
Meta-Llama-3-8B,a100,32,64,46.62,46.62,24.4,24.4,1.911,88.89,0.0,172.55,331.38
Meta-Llama-3-8B,a100,64,4,81.57,89.96,31.58,35.27,2.583,218.74,0.0,89.18,228.45
Meta-Llama-3-8B,a100,64,8,89.95,89.95,24.4,24.4,3.686,262.21,0.0,89.19,331.38
Meta-Llama-3-8B,a100,64,16,89.95,89.95,24.4,24.4,3.686,262.21,0.0,89.19,331.38
Meta-Llama-3-8B,a100,64,32,89.95,89.95,24.4,24.4,3.686,262.21,0.0,89.19,331.38
Meta-Llama-3-8B,a100,128,4,162.43,179.21,31.58,35.27,5.143,575.73,0.0,44.7,228.45
Meta-Llama-3-8B,a100,128,8,179.2,179.2,24.4,24.4,7.344,619.2,0.0,44.71,331.38
Meta-Llama-3-8B,a100,128,16,179.2,179.2,24.4,24.4,7.344,619.2,0.0,44.71,331.38
Meta-Llama-3-8B,a100,256,4,324.57,358.12,34.58,38.27,9.386,1291.38,11.99,22.35,210.43
Meta-Llama-3-8B,a100,256,8,358.11,358.11,37.93,37.93,9.441,1334.86,54.13,22.36,212.35
Meta-Llama-3-8B,a100,512,4,648.85,715.95,65.9,72.62,9.846,2722.7,149.36,11.18,110.56
Meta-Llama-3-8B,a40,4,4,24.13,27.03,24.12,27.02,1.0,0.0,0.0,298.83,298.91
Meta-Llama-3-8B,a40,4,8,16.38,16.38,16.39,16.39,0.999,0.0,0.0,496.03,495.95
Meta-Llama-3-8B,a40,4,16,16.38,16.38,16.39,16.39,0.999,0.0,0.0,496.05,495.94
Meta-Llama-3-8B,a40,4,32,16.39,16.39,16.39,16.39,1.0,0.0,0.0,495.94,495.94
Meta-Llama-3-8B,a40,4,64,16.39,16.39,16.39,16.39,1.0,0.0,0.0,495.94,495.94
Meta-Llama-3-8B,a40,4,128,16.39,16.39,16.39,16.39,1.0,0.0,0.0,495.94,495.94
Meta-Llama-3-8B,a40,8,4,26.62,29.8,26.62,29.8,1.0,0.0,0.0,270.74,270.74
Meta-Llama-3-8B,a40,8,8,19.12,19.12,19.12,19.12,1.0,0.0,0.0,424.12,424.12
Meta-Llama-3-8B,a40,8,16,19.12,19.12,19.12,19.12,1.0,0.0,0.0,424.12,424.12
Meta-Llama-3-8B,a40,8,32,19.12,19.12,19.12,19.12,1.0,0.0,0.0,424.12,424.12
Meta-Llama-3-8B,a40,8,64,19.12,19.12,19.12,19.12,1.0,0.0,0.0,424.12,424.12
Meta-Llama-3-8B,a40,8,128,19.12,19.12,19.12,19.12,1.0,0.0,0.0,424.12,424.12
Meta-Llama-3-8B,a40,16,4,31.22,34.86,31.22,34.86,1.0,0.0,0.0,231.16,231.16
Meta-Llama-3-8B,a40,16,8,25.11,25.11,24.18,24.18,1.038,3.72,0.0,321.91,334.43
Meta-Llama-3-8B,a40,16,16,25.11,25.11,24.18,24.18,1.038,3.72,0.0,321.91,334.43
Meta-Llama-3-8B,a40,16,32,25.11,25.11,24.18,24.18,1.038,3.72,0.0,321.91,334.43
Meta-Llama-3-8B,a40,16,64,25.11,25.11,24.18,24.18,1.038,3.72,0.0,321.91,334.43
Meta-Llama-3-8B,a40,16,128,25.11,25.11,24.18,24.18,1.038,3.72,0.0,321.91,334.43
Meta-Llama-3-8B,a40,32,4,42.39,46.59,31.22,34.86,1.358,46.89,0.0,172.67,231.16
Meta-Llama-3-8B,a40,32,8,46.58,46.58,24.18,24.18,1.926,89.6,0.0,172.71,334.43
Meta-Llama-3-8B,a40,32,16,46.58,46.58,24.18,24.18,1.926,89.6,0.0,172.71,334.43
Meta-Llama-3-8B,a40,32,32,46.58,46.58,24.18,24.18,1.926,89.6,0.0,172.71,334.43
Meta-Llama-3-8B,a40,32,64,46.58,46.58,24.18,24.18,1.926,89.6,0.0,172.71,334.43
Meta-Llama-3-8B,a40,64,4,81.53,89.92,31.22,34.86,2.611,220.21,0.0,89.22,231.16
Meta-Llama-3-8B,a40,64,8,89.91,89.91,24.18,24.18,3.718,262.92,0.0,89.23,334.43
Meta-Llama-3-8B,a40,64,16,89.91,89.91,24.18,24.18,3.718,262.92,0.0,89.23,334.43
Meta-Llama-3-8B,a40,64,32,89.91,89.91,24.18,24.18,3.718,262.92,0.0,89.23,334.43
Meta-Llama-3-8B,a40,128,4,162.43,179.21,31.22,34.86,5.203,577.37,0.0,44.7,231.16
Meta-Llama-3-8B,a40,128,8,179.2,179.2,24.18,24.18,7.411,620.08,0.0,44.71,334.43
Meta-Llama-3-8B,a40,128,16,179.2,179.2,24.18,24.18,7.411,620.08,0.0,44.71,334.43
Meta-Llama-3-8B,a40,256,4,324.57,358.12,34.54,38.18,9.397,1293.03,13.28,22.35,210.92
Meta-Llama-3-8B,a40,256,8,358.11,358.11,37.89,37.89,9.451,1335.74,54.84,22.36,212.59
Meta-Llama-3-8B,a40,512,4,648.85,715.95,65.86,72.57,9.852,2724.34,150.84,11.18,110.62
Meta-Llama-3-8B,h100,4,4,24.12,27.02,24.11,27.01,1.0,0.0,0.0,298.91,298.99
Meta-Llama-3-8B,h100,4,8,16.38,16.38,16.37,16.37,1.001,0.0,0.0,496.19,496.29
Meta-Llama-3-8B,h100,4,16,16.38,16.38,16.38,16.38,1.0,0.0,0.0,496.19,496.19
Meta-Llama-3-8B,h100,4,32,16.38,16.38,16.38,16.38,1.0,0.0,0.0,496.19,496.19
Meta-Llama-3-8B,h100,4,64,16.38,16.38,16.38,16.38,1.0,0.0,0.0,496.19,496.19
Meta-Llama-3-8B,h100,4,128,16.38,16.38,16.38,16.38,1.0,0.0,0.0,496.19,496.19
Meta-Llama-3-8B,h100,8,4,26.61,29.8,26.61,29.8,1.0,0.0,0.0,270.8,270.8
Meta-Llama-3-8B,h100,8,8,19.1,19.1,19.1,19.1,1.0,0.0,0.0,424.63,424.63
Meta-Llama-3-8B,h100,8,16,19.1,19.1,19.1,19.1,1.0,0.0,0.0,424.63,424.63
Meta-Llama-3-8B,h100,8,32,19.1,19.1,19.1,19.1,1.0,0.0,0.0,424.63,424.63
Meta-Llama-3-8B,h100,8,64,19.1,19.1,19.1,19.1,1.0,0.0,0.0,424.63,424.63
Meta-Llama-3-8B,h100,8,128,19.1,19.1,19.1,19.1,1.0,0.0,0.0,424.63,424.63
Meta-Llama-3-8B,h100,16,4,31.23,34.88,31.23,34.88,1.0,0.0,0.0,231.06,231.06
Meta-Llama-3-8B,h100,16,8,25.1,25.1,24.18,24.18,1.038,3.69,0.0,322.0,334.4
Meta-Llama-3-8B,h100,16,16,25.1,25.1,24.18,24.18,1.038,3.7,0.0,321.99,334.44
Meta-Llama-3-8B,h100,16,32,25.1,25.1,24.18,24.18,1.038,3.7,0.0,321.99,334.44
Meta-Llama-3-8B,h100,16,64,25.1,25.1,24.18,24.18,1.038,3.7,0.0,321.99,334.44
Meta-Llama-3-8B,h100,16,128,25.1,25.1,24.18,24.18,1.038,3.7,0.0,321.99,334.44
Meta-Llama-3-8B,h100,32,4,42.39,46.58,31.21,34.85,1.358,46.93,0.0,172.68,231.23
Meta-Llama-3-8B,h100,32,8,46.58,46.58,24.18,24.18,1.926,89.6,0.0,172.71,334.44
Meta-Llama-3-8B,h100,32,16,46.58,46.58,24.18,24.18,1.926,89.6,0.0,172.71,334.44
Meta-Llama-3-8B,h100,32,32,46.58,46.58,24.18,24.18,1.926,89.6,0.0,172.71,334.44
Meta-Llama-3-8B,h100,32,64,46.58,46.58,24.18,24.18,1.926,89.6,0.0,172.71,334.44
Meta-Llama-3-8B,h100,64,4,81.52,89.92,31.21,34.85,2.612,220.25,0.0,89.23,231.23
Meta-Llama-3-8B,h100,64,8,89.91,89.91,24.18,24.18,3.718,262.92,0.0,89.24,334.44
Meta-Llama-3-8B,h100,64,16,89.91,89.91,24.18,24.18,3.718,262.92,0.0,89.24,334.44
Meta-Llama-3-8B,h100,64,32,89.91,89.91,24.18,24.18,3.718,262.92,0.0,89.24,334.44
Meta-Llama-3-8B,h100,128,4,162.43,179.21,31.21,34.85,5.204,577.42,0.0,44.7,231.23
Meta-Llama-3-8B,h100,128,8,179.2,179.2,24.18,24.18,7.411,620.08,0.0,44.71,334.44
Meta-Llama-3-8B,h100,128,16,179.2,179.2,24.18,24.18,7.411,620.08,0.0,44.71,334.44
Meta-Llama-3-8B,h100,256,4,324.57,358.12,34.54,38.18,9.397,1293.07,13.32,22.35,210.93
Meta-Llama-3-8B,h100,256,8,358.11,358.11,37.88,37.88,9.454,1335.74,54.83,22.36,212.6
Meta-Llama-3-8B,h100,512,4,648.85,715.95,65.86,72.57,9.852,2724.38,150.88,11.18,110.63
Mistral-7B-v0.1,a100,4,4,24.48,27.42,24.48,27.42,1.0,0.0,0.0,294.52,294.52
Mistral-7B-v0.1,a100,4,8,16.6,16.6,16.6,16.6,1.0,0.0,0.0,489.54,489.54
Mistral-7B-v0.1,a100,4,16,16.6,16.6,16.6,16.6,1.0,0.0,0.0,489.54,489.54
Mistral-7B-v0.1,a100,4,32,16.6,16.6,16.6,16.6,1.0,0.0,0.0,489.54,489.54
Mistral-7B-v0.1,a100,4,64,16.6,16.6,16.6,16.6,1.0,0.0,0.0,489.54,489.54
Mistral-7B-v0.1,a100,4,128,16.6,16.6,16.6,16.6,1.0,0.0,0.0,489.54,489.54
Mistral-7B-v0.1,a100,8,4,26.95,30.18,26.95,30.18,1.0,0.0,0.0,267.33,267.33
Mistral-7B-v0.1,a100,8,8,19.34,19.34,19.34,19.34,1.0,0.0,0.0,419.25,419.25
Mistral-7B-v0.1,a100,8,16,19.34,19.34,19.34,19.34,1.0,0.0,0.0,419.25,419.25
Mistral-7B-v0.1,a100,8,32,19.34,19.34,19.34,19.34,1.0,0.0,0.0,419.25,419.25
Mistral-7B-v0.1,a100,8,64,19.34,19.34,19.34,19.34,1.0,0.0,0.0,419.25,419.25
Mistral-7B-v0.1,a100,8,128,19.34,19.34,19.34,19.34,1.0,0.0,0.0,419.25,419.25
Mistral-7B-v0.1,a100,16,4,31.57,35.26,31.57,35.26,1.0,0.0,0.0,228.55,228.55
Mistral-7B-v0.1,a100,16,8,25.2,25.2,24.4,24.4,1.033,3.19,0.0,320.77,331.36
Mistral-7B-v0.1,a100,16,16,25.2,25.2,24.4,24.4,1.033,3.19,0.0,320.77,331.36
Mistral-7B-v0.1,a100,16,32,25.2,25.2,24.4,24.4,1.033,3.19,0.0,320.77,331.36
Mistral-7B-v0.1,a100,16,64,25.2,25.2,24.4,24.4,1.033,3.19,0.0,320.77,331.36
Mistral-7B-v0.1,a100,16,128,25.2,25.2,24.4,24.4,1.033,3.19,0.0,320.77,331.36
Mistral-7B-v0.1,a100,32,4,42.43,46.63,31.57,35.26,1.344,45.49,0.0,172.51,228.55
Mistral-7B-v0.1,a100,32,8,46.62,46.62,24.4,24.4,1.911,88.89,0.0,172.54,331.36
Mistral-7B-v0.1,a100,32,16,46.62,46.62,24.4,24.4,1.911,88.89,0.0,172.54,331.36
Mistral-7B-v0.1,a100,32,32,46.62,46.62,24.4,24.4,1.911,88.89,0.0,172.54,331.36
Mistral-7B-v0.1,a100,32,64,46.62,46.62,24.4,24.4,1.911,88.89,0.0,172.54,331.36
Mistral-7B-v0.1,a100,64,4,81.57,89.96,31.57,35.26,2.584,218.81,0.0,89.18,228.55
Mistral-7B-v0.1,a100,64,8,89.95,89.95,24.4,24.4,3.686,262.21,0.0,89.19,331.36
Mistral-7B-v0.1,a100,64,16,89.95,89.95,24.4,24.4,3.686,262.21,0.0,89.19,331.36
Mistral-7B-v0.1,a100,64,32,89.95,89.95,24.4,24.4,3.686,262.21,0.0,89.19,331.36
Mistral-7B-v0.1,a100,128,4,162.43,179.21,31.57,35.26,5.145,575.79,0.0,44.7,228.55
Mistral-7B-v0.1,a100,128,8,179.2,179.2,24.4,24.4,7.344,619.2,0.0,44.71,331.36
Mistral-7B-v0.1,a100,128,16,179.2,179.2,24.4,24.4,7.344,619.2,0.0,44.71,331.36
Mistral-7B-v0.1,a100,256,4,324.57,358.12,34.58,38.27,9.386,1291.45,12.05,22.35,210.43
Mistral-7B-v0.1,a100,256,8,358.11,358.11,37.93,37.93,9.441,1334.85,54.12,22.36,212.35
Mistral-7B-v0.1,a100,512,4,648.85,715.95,65.9,72.62,9.846,2722.76,149.43,11.18,110.56
Mistral-7B-v0.1,a40,4,4,24.12,27.02,24.15,27.05,0.999,0.0,0.0,298.92,298.54
Mistral-7B-v0.1,a40,4,8,16.58,16.58,16.6,16.6,0.999,0.0,0.0,489.98,489.37
Mistral-7B-v0.1,a40,4,16,16.58,16.58,16.58,16.58,1.0,0.0,0.0,490.0,490.01
Mistral-7B-v0.1,a40,4,32,16.58,16.58,16.58,16.58,1.0,0.0,0.0,490.0,490.0
Mistral-7B-v0.1,a40,4,64,16.58,16.58,16.58,16.58,1.0,0.0,0.0,490.01,490.01
Mistral-7B-v0.1,a40,4,128,16.58,16.58,16.58,16.58,1.0,0.0,0.0,490.01,490.01
Mistral-7B-v0.1,a40,8,4,26.94,30.16,26.94,30.16,1.0,0.0,0.0,267.49,267.49
Mistral-7B-v0.1,a40,8,8,19.32,19.32,19.32,19.32,1.0,0.0,0.0,419.68,419.68
Mistral-7B-v0.1,a40,8,16,19.32,19.32,19.32,19.32,1.0,0.0,0.0,419.68,419.68
Mistral-7B-v0.1,a40,8,32,19.32,19.32,19.32,19.32,1.0,0.0,0.0,419.68,419.68
Mistral-7B-v0.1,a40,8,64,19.32,19.32,19.32,19.32,1.0,0.0,0.0,419.68,419.68
Mistral-7B-v0.1,a40,8,128,19.32,19.32,19.32,19.32,1.0,0.0,0.0,419.68,419.68
Mistral-7B-v0.1,a40,16,4,31.54,35.22,31.54,35.22,1.0,0.0,0.0,228.79,228.79
Mistral-7B-v0.1,a40,16,8,25.19,25.19,24.38,24.38,1.033,3.24,0.0,320.88,331.67
Mistral-7B-v0.1,a40,16,16,25.19,25.19,24.38,24.38,1.033,3.24,0.0,320.88,331.67
Mistral-7B-v0.1,a40,16,32,25.19,25.19,24.38,24.38,1.033,3.24,0.0,320.88,331.67
Mistral-7B-v0.1,a40,16,64,25.19,25.19,24.38,24.38,1.033,3.24,0.0,320.88,331.67
Mistral-7B-v0.1,a40,16,128,25.19,25.19,24.38,24.38,1.033,3.24,0.0,320.88,331.67
Mistral-7B-v0.1,a40,32,4,42.43,46.63,31.54,35.22,1.345,45.62,0.0,172.52,228.79
Mistral-7B-v0.1,a40,32,8,46.62,46.62,24.38,24.38,1.912,88.96,0.0,172.56,331.67
Mistral-7B-v0.1,a40,32,16,46.62,46.62,24.38,24.38,1.912,88.96,0.0,172.56,331.67
Mistral-7B-v0.1,a40,32,32,46.62,46.62,24.38,24.38,1.912,88.96,0.0,172.56,331.67
Mistral-7B-v0.1,a40,32,64,46.62,46.62,24.38,24.38,1.912,88.96,0.0,172.56,331.67
Mistral-7B-v0.1,a40,64,4,81.57,89.96,31.54,35.22,2.586,218.94,0.0,89.18,228.79
Mistral-7B-v0.1,a40,64,8,89.95,89.95,24.38,24.38,3.689,262.29,0.0,89.19,331.67
Mistral-7B-v0.1,a40,64,16,89.95,89.95,24.38,24.38,3.689,262.29,0.0,89.19,331.67
Mistral-7B-v0.1,a40,64,32,89.95,89.95,24.38,24.38,3.689,262.29,0.0,89.19,331.67
Mistral-7B-v0.1,a40,128,4,162.43,179.21,31.54,35.22,5.15,575.94,0.0,44.7,228.79
Mistral-7B-v0.1,a40,128,8,179.2,179.2,24.38,24.38,7.35,619.28,0.0,44.71,331.67
Mistral-7B-v0.1,a40,128,16,179.2,179.2,24.38,24.38,7.35,619.28,0.0,44.71,331.67
Mistral-7B-v0.1,a40,256,4,324.57,358.12,34.58,38.26,9.386,1291.59,12.17,22.35,210.48
Mistral-7B-v0.1,a40,256,8,358.11,358.11,37.93,37.93,9.441,1334.94,54.2,22.36,212.37
Mistral-7B-v0.1,a40,512,4,648.85,715.95,65.9,72.61,9.846,2722.9,149.56,11.18,110.56
Mistral-7B-v0.1,h100,4,4,24.44,27.38,24.45,27.39,1.0,0.0,0.0,294.94,294.8
Mistral-7B-v0.1,h100,4,8,16.58,16.58,16.59,16.59,0.999,0.0,0.0,490.04,489.88
Mistral-7B-v0.1,h100,4,16,16.58,16.58,16.58,16.58,1.0,0.0,0.0,490.0,490.0
Mistral-7B-v0.1,h100,4,32,16.58,16.58,16.58,16.58,1.0,0.0,0.0,490.0,490.0
Mistral-7B-v0.1,h100,4,64,16.58,16.58,16.58,16.58,1.0,0.0,0.0,490.12,490.12
Mistral-7B-v0.1,h100,4,128,16.58,16.58,16.58,16.58,1.0,0.0,0.0,490.12,490.12
Mistral-7B-v0.1,h100,8,4,26.93,30.15,26.93,30.15,1.0,0.0,0.0,267.6,267.6
Mistral-7B-v0.1,h100,8,8,19.29,19.29,19.29,19.29,1.0,0.0,0.0,420.27,420.27
Mistral-7B-v0.1,h100,8,16,19.29,19.29,19.29,19.29,1.0,0.0,0.0,420.27,420.27
Mistral-7B-v0.1,h100,8,32,19.29,19.29,19.29,19.29,1.0,0.0,0.0,420.27,420.27
Mistral-7B-v0.1,h100,8,64,19.29,19.29,19.29,19.29,1.0,0.0,0.0,420.27,420.27
Mistral-7B-v0.1,h100,8,128,19.29,19.29,19.29,19.29,1.0,0.0,0.0,420.27,420.27
Mistral-7B-v0.1,h100,16,4,31.54,35.23,31.54,35.23,1.0,0.0,0.0,228.76,228.76
Mistral-7B-v0.1,h100,16,8,25.19,25.19,24.37,24.37,1.034,3.25,0.0,320.86,331.68
Mistral-7B-v0.1,h100,16,16,25.19,25.19,24.37,24.37,1.034,3.25,0.0,320.86,331.68
Mistral-7B-v0.1,h100,16,32,25.19,25.19,24.37,24.37,1.034,3.25,0.0,320.86,331.68
Mistral-7B-v0.1,h100,16,64,25.19,25.19,24.37,24.37,1.034,3.25,0.0,320.86,331.68
Mistral-7B-v0.1,h100,16,128,25.19,25.19,24.37,24.37,1.034,3.25,0.0,320.86,331.68
Mistral-7B-v0.1,h100,32,4,42.43,46.62,31.54,35.23,1.345,45.59,0.0,172.53,228.76
Mistral-7B-v0.1,h100,32,8,46.62,46.62,24.37,24.37,1.913,88.96,0.0,172.56,331.68
Mistral-7B-v0.1,h100,32,16,46.62,46.62,24.37,24.37,1.913,88.96,0.0,172.56,331.68
Mistral-7B-v0.1,h100,32,32,46.62,46.62,24.37,24.37,1.913,88.96,0.0,172.56,331.68
Mistral-7B-v0.1,h100,32,64,46.62,46.62,24.37,24.37,1.913,88.96,0.0,172.56,331.68
Mistral-7B-v0.1,h100,64,4,81.56,89.96,31.54,35.23,2.586,218.92,0.0,89.19,228.76
Mistral-7B-v0.1,h100,64,8,89.95,89.95,24.37,24.37,3.691,262.28,0.0,89.2,331.68
Mistral-7B-v0.1,h100,64,16,89.95,89.95,24.37,24.37,3.691,262.28,0.0,89.2,331.68
Mistral-7B-v0.1,h100,64,32,89.95,89.95,24.37,24.37,3.691,262.28,0.0,89.2,331.68
Mistral-7B-v0.1,h100,128,4,162.43,179.21,31.54,35.23,5.15,575.92,0.0,44.7,228.76
Mistral-7B-v0.1,h100,128,8,179.2,179.2,24.37,24.37,7.353,619.29,0.0,44.71,331.68
Mistral-7B-v0.1,h100,128,16,179.2,179.2,24.37,24.37,7.353,619.29,0.0,44.71,331.68
Mistral-7B-v0.1,h100,256,4,324.57,358.12,34.58,38.26,9.386,1291.57,12.14,22.35,210.49
Mistral-7B-v0.1,h100,256,8,358.11,358.11,37.92,37.92,9.444,1334.94,54.2,22.36,212.37
Mistral-7B-v0.1,h100,512,4,648.85,715.95,65.9,72.61,9.846,2722.89,149.54,11.18,110.56
Mixtral-8x7B-v0.1,a100,4,4,24.45,27.39,24.15,27.05,1.012,0.0,0.0,294.84,298.59
Mixtral-8x7B-v0.1,a100,4,8,16.59,16.59,16.37,16.37,1.013,0.0,0.0,489.88,496.42
Mixtral-8x7B-v0.1,a100,4,16,16.58,16.58,16.58,16.58,1.0,0.0,0.0,489.96,489.96
Mixtral-8x7B-v0.1,a100,4,32,16.58,16.58,16.58,16.58,1.0,0.0,0.0,490.02,490.02
Mixtral-8x7B-v0.1,a100,4,64,16.58,16.58,16.58,16.58,1.0,0.0,0.0,490.02,490.02
Mixtral-8x7B-v0.1,a100,4,128,16.58,16.58,16.58,16.58,1.0,0.0,0.0,490.02,490.02
Mixtral-8x7B-v0.1,a100,8,4,26.94,30.16,26.94,30.16,1.0,0.0,0.0,267.47,267.47
Mixtral-8x7B-v0.1,a100,8,8,19.3,19.3,19.3,19.3,1.0,0.0,0.0,419.96,419.96
Mixtral-8x7B-v0.1,a100,8,16,19.3,19.3,19.3,19.3,1.0,0.0,0.0,419.96,419.96
Mixtral-8x7B-v0.1,a100,8,32,19.3,19.3,19.3,19.3,1.0,0.0,0.0,419.96,419.96
Mixtral-8x7B-v0.1,a100,8,64,19.3,19.3,19.3,19.3,1.0,0.0,0.0,419.96,419.96
Mixtral-8x7B-v0.1,a100,8,128,19.3,19.3,19.3,19.3,1.0,0.0,0.0,419.96,419.96
Mixtral-8x7B-v0.1,a100,16,4,31.54,35.22,31.54,35.22,1.0,0.0,0.0,228.77,228.77
Mixtral-8x7B-v0.1,a100,16,8,25.19,25.19,24.39,24.39,1.033,3.17,0.0,320.87,331.42
Mixtral-8x7B-v0.1,a100,16,16,25.19,25.19,24.39,24.39,1.033,3.17,0.0,320.87,331.42
Mixtral-8x7B-v0.1,a100,16,32,25.19,25.19,24.39,24.39,1.033,3.17,0.0,320.87,331.42
Mixtral-8x7B-v0.1,a100,16,64,25.19,25.19,24.39,24.39,1.033,3.17,0.0,320.87,331.42
Mixtral-8x7B-v0.1,a100,16,128,25.19,25.19,24.39,24.39,1.033,3.17,0.0,320.87,331.42
Mixtral-8x7B-v0.1,a100,32,4,42.43,46.63,31.54,35.22,1.345,45.6,0.0,172.52,228.77
Mixtral-8x7B-v0.1,a100,32,8,46.62,46.62,24.39,24.39,1.911,88.89,0.0,172.56,331.42
Mixtral-8x7B-v0.1,a100,32,16,46.62,46.62,24.39,24.39,1.911,88.89,0.0,172.56,331.42
Mixtral-8x7B-v0.1,a100,32,32,46.62,46.62,24.39,24.39,1.911,88.89,0.0,172.56,331.42
Mixtral-8x7B-v0.1,a100,32,64,46.62,46.62,24.39,24.39,1.911,88.89,0.0,172.56,331.42
Mixtral-8x7B-v0.1,a100,64,4,81.57,89.96,31.54,35.22,2.586,218.93,0.0,89.19,228.77
Mixtral-8x7B-v0.1,a100,64,8,89.95,89.95,24.39,24.39,3.688,262.21,0.0,89.19,331.42
Mixtral-8x7B-v0.1,a100,64,16,89.95,89.95,24.39,24.39,3.688,262.21,0.0,89.19,331.42
Mixtral-8x7B-v0.1,a100,64,32,89.95,89.95,24.39,24.39,3.688,262.21,0.0,89.19,331.42
Mixtral-8x7B-v0.1,a100,128,4,162.43,179.21,31.54,35.22,5.15,575.93,0.0,44.7,228.77
Mixtral-8x7B-v0.1,a100,128,8,179.2,179.2,24.39,24.39,7.347,619.21,0.0,44.71,331.42
Mixtral-8x7B-v0.1,a100,128,16,179.2,179.2,24.39,24.39,7.347,619.21,0.0,44.71,331.42
Mixtral-8x7B-v0.1,a100,256,4,324.57,358.12,34.58,38.27,9.386,1291.58,12.16,22.35,210.47
Mixtral-8x7B-v0.1,a100,256,8,358.11,358.11,37.93,37.93,9.441,1334.87,54.12,22.36,212.37
Mixtral-8x7B-v0.1,a100,512,4,648.85,715.95,65.9,72.61,9.846,2722.89,149.55,11.18,110.56
Mixtral-8x7B-v0.1,a40,4,4,24.43,27.37,24.43,27.36,1.0,0.0,0.0,295.05,295.13
Mixtral-8x7B-v0.1,a40,4,8,16.57,16.57,16.57,16.57,1.0,0.0,0.0,490.2,490.33
Mixtral-8x7B-v0.1,a40,4,16,16.58,16.58,16.58,16.58,1.0,0.0,0.0,490.13,490.1
Mixtral-8x7B-v0.1,a40,4,32,16.58,16.58,16.58,16.58,1.0,0.0,0.0,490.13,490.13
Mixtral-8x7B-v0.1,a40,4,64,16.58,16.58,16.58,16.58,1.0,0.0,0.0,490.13,490.13
Mixtral-8x7B-v0.1,a40,4,128,16.57,16.57,16.57,16.57,1.0,0.0,0.0,490.2,490.2
Mixtral-8x7B-v0.1,a40,8,4,26.94,30.17,26.94,30.17,1.0,0.0,0.0,267.47,267.47
Mixtral-8x7B-v0.1,a40,8,8,19.3,19.3,19.3,19.3,1.0,0.0,0.0,419.98,419.98
Mixtral-8x7B-v0.1,a40,8,16,19.3,19.3,19.3,19.3,1.0,0.0,0.0,419.98,419.98
Mixtral-8x7B-v0.1,a40,8,32,19.3,19.3,19.3,19.3,1.0,0.0,0.0,419.98,419.98
Mixtral-8x7B-v0.1,a40,8,64,19.3,19.3,19.3,19.3,1.0,0.0,0.0,419.98,419.98
Mixtral-8x7B-v0.1,a40,8,128,19.3,19.3,19.3,19.3,1.0,0.0,0.0,419.98,419.98
Mixtral-8x7B-v0.1,a40,16,4,31.57,35.25,31.57,35.25,1.0,0.0,0.0,228.6,228.6
Mixtral-8x7B-v0.1,a40,16,8,25.18,25.18,24.39,24.39,1.032,3.17,0.0,320.94,331.46
Mixtral-8x7B-v0.1,a40,16,16,25.18,25.18,24.39,24.39,1.032,3.17,0.0,320.94,331.46
Mixtral-8x7B-v0.1,a40,16,32,25.18,25.18,24.39,24.39,1.032,3.17,0.0,320.94,331.46
Mixtral-8x7B-v0.1,a40,16,64,25.18,25.18,24.39,24.39,1.032,3.17,0.0,320.94,331.46
Mixtral-8x7B-v0.1,a40,16,128,25.18,25.18,24.39,24.39,1.032,3.17,0.0,320.94,331.46
Mixtral-8x7B-v0.1,a40,32,4,42.43,46.62,31.57,35.25,1.344,45.5,0.0,172.53,228.6
Mixtral-8x7B-v0.1,a40,32,8,46.62,46.62,24.39,24.39,1.911,88.9,0.0,172.56,331.46
Mixtral-8x7B-v0.1,a40,32,16,46.62,46.62,24.39,24.39,1.911,88.9,0.0,172.56,331.46
Mixtral-8x7B-v0.1,a40,32,32,46.62,46.62,24.39,24.39,1.911,88.9,0.0,172.56,331.46
Mixtral-8x7B-v0.1,a40,32,64,46.62,46.62,24.39,24.39,1.911,88.9,0.0,172.56,331.46
Mixtral-8x7B-v0.1,a40,64,4,81.56,89.96,31.57,35.25,2.583,218.82,0.0,89.19,228.6
Mixtral-8x7B-v0.1,a40,64,8,89.95,89.95,24.39,24.39,3.688,262.22,0.0,89.2,331.46
Mixtral-8x7B-v0.1,a40,64,16,89.95,89.95,24.39,24.39,3.688,262.22,0.0,89.2,331.46
Mixtral-8x7B-v0.1,a40,64,32,89.95,89.95,24.39,24.39,3.688,262.22,0.0,89.2,331.46
Mixtral-8x7B-v0.1,a40,128,4,162.43,179.21,31.57,35.25,5.145,575.83,0.0,44.7,228.6
Mixtral-8x7B-v0.1,a40,128,8,179.2,179.2,24.39,24.39,7.347,619.23,0.0,44.71,331.46
Mixtral-8x7B-v0.1,a40,128,16,179.2,179.2,24.39,24.39,7.347,619.23,0.0,44.71,331.46
Mixtral-8x7B-v0.1,a40,256,4,324.57,358.12,34.58,38.26,9.386,1291.48,12.05,22.35,210.49
Mixtral-8x7B-v0.1,a40,256,8,358.11,358.11,37.92,37.92,9.444,1334.88,54.14,22.36,212.37
Mixtral-8x7B-v0.1,a40,512,4,648.85,715.95,65.9,72.61,9.846,2722.79,149.45,11.18,110.56
Mixtral-8x7B-v0.1,h100,4,4,24.13,27.02,24.45,27.39,0.987,0.0,0.0,298.85,294.84
Mixtral-8x7B-v0.1,h100,4,8,16.37,16.37,16.38,16.38,0.999,0.0,0.0,496.33,496.21
Mixtral-8x7B-v0.1,h100,4,16,16.38,16.38,16.38,16.38,1.0,0.0,0.0,496.25,496.25
Mixtral-8x7B-v0.1,h100,4,32,16.38,16.38,16.38,16.38,1.0,0.0,0.0,496.23,496.23
Mixtral-8x7B-v0.1,h100,4,64,16.38,16.38,16.38,16.38,1.0,0.0,0.0,496.23,496.23
Mixtral-8x7B-v0.1,h100,4,128,16.38,16.38,16.38,16.38,1.0,0.0,0.0,496.23,496.23
Mixtral-8x7B-v0.1,h100,8,4,26.6,29.78,26.6,29.78,1.0,0.0,0.0,270.93,270.93
Mixtral-8x7B-v0.1,h100,8,8,19.09,19.09,19.09,19.09,1.0,0.0,0.0,424.77,424.77
Mixtral-8x7B-v0.1,h100,8,16,19.09,19.09,19.09,19.09,1.0,0.0,0.0,424.77,424.77
Mixtral-8x7B-v0.1,h100,8,32,19.09,19.09,19.09,19.09,1.0,0.0,0.0,424.77,424.77
Mixtral-8x7B-v0.1,h100,8,64,19.09,19.09,19.09,19.09,1.0,0.0,0.0,424.77,424.77
Mixtral-8x7B-v0.1,h100,8,128,19.09,19.09,19.09,19.09,1.0,0.0,0.0,424.77,424.77
Mixtral-8x7B-v0.1,h100,16,4,31.2,34.85,31.2,34.85,1.0,0.0,0.0,231.25,231.25
Mixtral-8x7B-v0.1,h100,16,8,25.1,25.1,24.18,24.18,1.038,3.68,0.0,321.95,334.32
Mixtral-8x7B-v0.1,h100,16,16,25.1,25.1,24.18,24.18,1.038,3.68,0.0,321.95,334.32
Mixtral-8x7B-v0.1,h100,16,32,25.1,25.1,24.18,24.18,1.038,3.68,0.0,321.95,334.32
Mixtral-8x7B-v0.1,h100,16,64,25.1,25.1,24.18,24.18,1.038,3.68,0.0,321.95,334.32
Mixtral-8x7B-v0.1,h100,16,128,25.1,25.1,24.18,24.18,1.038,3.68,0.0,321.95,334.32
Mixtral-8x7B-v0.1,h100,32,4,42.39,46.58,31.2,34.85,1.359,46.94,0.0,172.68,231.25
Mixtral-8x7B-v0.1,h100,32,8,46.57,46.57,24.18,24.18,1.926,89.56,0.0,172.71,334.32
Mixtral-8x7B-v0.1,h100,32,16,46.57,46.57,24.18,24.18,1.926,89.56,0.0,172.71,334.32
Mixtral-8x7B-v0.1,h100,32,32,46.57,46.57,24.18,24.18,1.926,89.56,0.0,172.71,334.32
Mixtral-8x7B-v0.1,h100,32,64,46.57,46.57,24.18,24.18,1.926,89.56,0.0,172.71,334.32
Mixtral-8x7B-v0.1,h100,64,4,81.52,89.91,31.2,34.85,2.613,220.26,0.0,89.23,231.25
Mixtral-8x7B-v0.1,h100,64,8,89.91,89.91,24.18,24.18,3.718,262.88,0.0,89.24,334.32
Mixtral-8x7B-v0.1,h100,64,16,89.91,89.91,24.18,24.18,3.718,262.88,0.0,89.24,334.32
Mixtral-8x7B-v0.1,h100,64,32,89.91,89.91,24.18,24.18,3.718,262.88,0.0,89.24,334.32
Mixtral-8x7B-v0.1,h100,128,4,162.43,179.21,31.2,34.85,5.206,577.43,0.0,44.7,231.25
Mixtral-8x7B-v0.1,h100,128,8,179.2,179.2,24.18,24.18,7.411,620.05,0.0,44.71,334.32
Mixtral-8x7B-v0.1,h100,128,16,179.2,179.2,24.18,24.18,7.411,620.05,0.0,44.71,334.32
Mixtral-8x7B-v0.1,h100,256,4,324.57,358.12,34.54,38.18,9.397,1293.08,13.33,22.35,210.93
Mixtral-8x7B-v0.1,h100,256,8,358.11,358.11,37.88,37.88,9.454,1335.71,54.8,22.36,212.6
Mixtral-8x7B-v0.1,h100,512,4,648.85,715.95,65.86,72.57,9.852,2724.4,150.88,11.18,110.63
Qwen-72B,a100,4,4,243.9,271.69,243.9,271.69,1.0,0.0,0.0,29.47,29.47
Qwen-72B,a100,4,8,168.96,168.96,168.96,168.96,1.0,0.0,0.0,47.42,47.42
Qwen-72B,a100,4,16,168.96,168.96,168.96,168.96,1.0,0.0,0.0,47.42,47.42
Qwen-72B,a100,4,32,168.96,168.96,168.96,168.96,1.0,0.0,0.0,47.42,47.42
Qwen-72B,a100,8,4,243.9,271.7,243.87,271.67,1.0,0.0,0.0,29.47,29.48
Qwen-72B,a100,8,8,242.36,242.36,168.94,168.94,1.435,293.61,0.0,33.04,47.42
Qwen-72B,a100,8,16,242.36,242.36,168.95,168.95,1.435,293.65,0.0,33.04,47.42
Qwen-72B,a100,16,4,417.16,459.18,243.9,271.69,1.71,750.05,0.0,17.43,29.47
Qwen-72B,a100,16,8,459.06,459.06,168.95,168.95,2.717,1160.43,0.0,17.44,47.42
Qwen-72B,a100,32,4,811.66,895.62,243.9,271.7,3.328,2495.7,0.0,8.93,29.47
Qwen-72B,a40,4,4,668.04,747.87,668.04,747.87,1.0,0.0,0.0,10.7,10.7
Qwen-72B,a40,4,8,471.63,471.63,471.6,471.6,1.0,0.0,0.0,16.97,16.97
Qwen-72B,a40,4,16,471.68,471.68,471.63,471.63,1.0,0.0,0.0,16.97,16.97
Qwen-72B,a40,4,32,471.68,471.68,471.68,471.68,1.0,0.0,0.0,16.97,16.97
Qwen-72B,a40,8,4,668.1,747.94,668.04,747.87,1.0,0.0,0.0,10.7,10.7
Qwen-72B,a40,8,8,471.63,471.63,471.68,471.68,1.0,0.0,0.0,16.97,16.97
Qwen-72B,a40,8,16,471.63,471.63,471.63,471.63,1.0,0.0,0.0,16.97,16.97
Qwen-72B,a40,16,4,667.91,747.75,667.91,747.75,1.0,0.0,0.0,10.7,10.7
Qwen-72B,a40,16,8,504.55,504.55,471.63,471.63,1.07,131.66,0.0,15.86,16.97
Qwen-72B,a40,32,4,854.11,938.07,667.91,747.75,1.279,761.27,0.0,8.53,10.7
Qwen-72B,h100,4,4,126.65,142.06,126.62,142.03,1.0,0.0,0.0,56.42,56.43
Qwen-72B,h100,4,8,122.89,122.89,90.14,90.14,1.363,130.79,0.0,65.23,89.0
Qwen-72B,h100,4,16,122.89,122.89,90.13,90.13,1.363,130.8,0.0,65.23,89.01
Qwen-72B,h100,4,32,122.89,122.89,90.18,90.18,1.363,130.79,0.0,65.23,88.97
Qwen-72B,h100,8,4,210.31,231.35,126.75,142.17,1.659,356.75,0.0,34.62,56.37
Qwen-72B,h100,8,8,231.24,231.24,90.17,90.17,2.564,564.27,0.0,34.63,88.97
Qwen-72B,h100,8,16,231.24,231.24,90.17,90.17,2.564,564.27,0.0,34.63,88.97
Qwen-72B,h100,16,4,406.22,448.23,126.75,142.17,3.205,1224.24,0.0,17.86,56.37
Qwen-72B,h100,16,8,448.11,448.11,90.17,90.17,4.97,1431.77,0.0,17.86,88.97
Qwen-72B,h100,32,4,811.66,895.62,126.75,142.17,6.404,3013.8,0.0,8.93,56.37
Qwen2-72B,a100,4,4,191.15,214.89,191.15,214.9,1.0,0.0,0.0,37.27,37.27
Qwen2-72B,a100,4,8,122.79,122.79,122.82,122.82,1.0,0.0,0.0,65.29,65.27
Qwen2-72B,a100,4,16,122.78,122.78,122.82,122.82,1.0,0.0,0.0,65.29,65.27
Qwen2-72B,a100,4,32,122.82,122.82,122.83,122.83,1.0,0.0,0.0,65.27,65.27
Qwen2-72B,a100,4,64,122.82,122.82,122.82,122.82,1.0,0.0,0.0,65.27,65.27
Qwen2-72B,a100,4,128,122.82,122.82,122.82,122.82,1.0,0.0,0.0,65.27,65.27
Qwen2-72B,a100,8,4,191.15,214.9,191.15,214.9,1.0,0.0,0.0,37.27,37.27
Qwen2-72B,a100,8,8,122.83,122.83,122.83,122.83,1.0,0.0,0.0,65.27,65.27
Qwen2-72B,a100,8,16,122.83,122.83,122.83,122.83,1.0,0.0,0.0,65.27,65.27
Qwen2-72B,a100,8,32,122.83,122.83,122.83,122.83,1.0,0.0,0.0,65.27,65.27
Qwen2-72B,a100,8,64,122.83,122.83,122.83,122.83,1.0,0.0,0.0,65.27,65.27
Qwen2-72B,a100,8,128,122.83,122.83,122.83,122.83,1.0,0.0,0.0,65.27,65.27
Qwen2-72B,a100,16,4,191.15,214.9,191.15,214.9,1.0,0.0,0.0,37.27,37.27
Qwen2-72B,a100,16,8,122.83,122.83,122.83,122.83,1.0,0.0,0.0,65.27,65.27
Qwen2-72B,a100,16,16,122.83,122.83,122.83,122.83,1.0,0.0,0.0,65.27,65.27
Qwen2-72B,a100,16,32,122.83,122.83,122.83,122.83,1.0,0.0,0.0,65.27,65.27
Qwen2-72B,a100,16,64,122.83,122.83,122.83,122.83,1.0,0.0,0.0,65.27,65.27
Qwen2-72B,a100,32,4,191.15,214.9,191.15,214.9,1.0,0.0,0.0,37.27,37.27
Qwen2-72B,a100,32,8,132.2,132.2,122.83,122.83,1.076,37.5,0.0,60.63,65.27
Qwen2-72B,a100,32,16,132.2,132.2,122.83,122.83,1.076,37.5,0.0,60.63,65.27
Qwen2-72B,a100,32,32,132.2,132.2,122.83,122.83,1.076,37.5,0.0,60.63,65.27
Qwen2-72B,a100,64,4,219.16,242.91,191.15,214.9,1.147,112.07,0.0,32.97,37.27
Qwen2-72B,a100,64,8,240.12,240.12,122.83,122.83,1.955,469.19,0.0,33.35,65.27
Qwen2-72B,a100,64,16,240.12,240.12,122.83,122.83,1.955,469.19,0.0,33.35,65.27
Qwen2-72B,a100,128,4,414.88,456.83,191.15,214.9,2.17,967.73,0.0,17.52,37.27
Qwen2-72B,a100,128,8,456.81,456.81,122.83,122.83,3.719,1335.93,0.0,17.52,65.27
Qwen2-72B,a100,256,4,811.15,895.03,191.15,214.9,4.244,2720.55,0.0,8.94,37.27
Qwen2-72B,a40,4,4,525.65,590.84,525.53,590.69,1.0,0.0,0.0,13.55,13.55
Qwen2-72B,a40,4,8,337.46,337.46,336.63,336.63,1.002,0.0,0.0,23.72,23.78
Qwen2-72B,a40,4,16,336.81,336.81,336.77,336.77,1.0,0.0,0.0,23.77,23.77
Qwen2-72B,a40,4,32,336.77,336.77,336.77,336.77,1.0,0.0,0.0,23.77,23.77
Qwen2-72B,a40,4,64,336.77,336.77,336.77,336.77,1.0,0.0,0.0,23.77,23.77
Qwen2-72B,a40,4,128,336.77,336.77,336.77,336.77,1.0,0.0,0.0,23.77,23.77
Qwen2-72B,a40,8,4,524.84,589.92,524.84,589.92,1.0,0.0,0.0,13.57,13.57
Qwen2-72B,a40,8,8,336.79,336.79,336.79,336.79,1.0,0.0,0.0,23.77,23.77
Qwen2-72B,a40,8,16,336.79,336.79,336.79,336.79,1.0,0.0,0.0,23.77,23.77
Qwen2-72B,a40,8,32,336.79,336.79,336.79,336.79,1.0,0.0,0.0,23.77,23.77
Qwen2-72B,a40,8,64,336.79,336.79,336.79,336.79,1.0,0.0,0.0,23.77,23.77
Qwen2-72B,a40,8,128,336.81,336.81,336.79,336.79,1.0,0.0,0.0,23.77,23.77
Qwen2-72B,a40,16,4,524.88,589.96,524.88,589.96,1.0,0.0,0.0,13.57,13.57
Qwen2-72B,a40,16,8,336.81,336.81,336.81,336.81,1.0,0.0,0.0,23.77,23.77
Qwen2-72B,a40,16,16,336.81,336.81,336.81,336.81,1.0,0.0,0.0,23.77,23.77
Qwen2-72B,a40,16,32,336.81,336.81,336.81,336.81,1.0,0.0,0.0,23.77,23.77
Qwen2-72B,a40,16,64,336.81,336.81,336.81,336.81,1.0,0.0,0.0,23.77,23.77
Qwen2-72B,a40,32,4,524.88,589.96,524.88,589.96,1.0,0.0,0.0,13.57,13.57
Qwen2-72B,a40,32,8,336.81,336.81,336.81,336.81,1.0,0.0,0.0,23.77,23.77
Qwen2-72B,a40,32,16,336.81,336.81,336.81,336.81,1.0,0.0,0.0,23.77,23.77
Qwen2-72B,a40,32,32,336.81,336.81,336.81,336.81,1.0,0.0,0.0,23.77,23.77
Qwen2-72B,a40,64,4,524.88,589.96,524.88,589.96,1.0,0.0,0.0,13.57,13.57
Qwen2-72B,a40,64,8,336.81,336.81,336.81,336.81,1.0,0.0,0.0,23.77,23.77
Qwen2-72B,a40,64,16,336.81,336.81,336.81,336.81,1.0,0.0,0.0,23.77,23.77
Qwen2-72B,a40,128,4,524.88,589.96,524.88,589.96,1.0,0.0,0.0,13.57,13.57
Qwen2-72B,a40,128,8,497.55,497.55,336.81,336.81,1.477,642.97,0.0,16.09,23.77
Qwen2-72B,a40,256,4,847.05,930.94,524.88,589.96,1.614,1363.91,0.0,8.6,13.57
Qwen2-72B,h100,4,4,103.57,116.41,103.68,116.53,0.999,0.0,0.0,68.87,68.8
Qwen2-72B,h100,4,8,66.58,66.58,66.45,66.45,1.002,0.0,0.0,120.62,120.86
Qwen2-72B,h100,4,16,66.52,66.52,66.52,66.52,1.0,0.0,0.0,120.72,120.72
Qwen2-72B,h100,4,32,66.53,66.53,66.52,66.52,1.0,0.0,0.0,120.72,120.72
Qwen2-72B,h100,4,64,66.53,66.53,66.53,66.53,1.0,0.0,0.0,120.72,120.72
Qwen2-72B,h100,4,128,66.53,66.53,66.53,66.53,1.0,0.0,0.0,120.72,120.72
Qwen2-72B,h100,8,4,103.38,116.19,103.38,116.19,1.0,0.0,0.0,69.0,69.0
Qwen2-72B,h100,8,8,66.52,66.52,66.52,66.52,1.0,0.0,0.0,120.72,120.72
Qwen2-72B,h100,8,16,66.52,66.52,66.52,66.52,1.0,0.0,0.0,120.72,120.72
Qwen2-72B,h100,8,32,66.52,66.52,66.52,66.52,1.0,0.0,0.0,120.72,120.72
Qwen2-72B,h100,8,64,66.52,66.52,66.52,66.52,1.0,0.0,0.0,120.72,120.72
Qwen2-72B,h100,8,128,66.52,66.52,66.52,66.52,1.0,0.0,0.0,120.72,120.72
Qwen2-72B,h100,16,4,103.38,116.19,103.38,116.19,1.0,0.0,0.0,69.0,69.0
Qwen2-72B,h100,16,8,68.12,68.12,66.52,66.52,1.024,6.4,0.0,117.87,120.72
Qwen2-72B,h100,16,16,68.12,68.12,66.52,66.52,1.024,6.4,0.0,117.87,120.72
Qwen2-72B,h100,16,32,68.12,68.12,66.52,66.52,1.024,6.4,0.0,117.87,120.72
Qwen2-72B,h100,16,64,68.12,68.12,66.52,66.52,1.024,6.4,0.0,117.87,120.72
Qwen2-72B,h100,32,4,110.7,123.51,103.38,116.19,1.071,29.26,0.0,64.91,69.0
Qwen2-72B,h100,32,8,121.17,121.17,66.52,66.52,1.822,218.6,0.0,66.16,120.72
Qwen2-72B,h100,32,16,121.17,121.17,66.52,66.52,1.822,218.6,0.0,66.16,120.72
Qwen2-72B,h100,32,32,121.17,121.17,66.52,66.52,1.822,218.6,0.0,66.16,120.72
Qwen2-72B,h100,64,4,208.55,229.53,103.38,116.19,2.017,453.37,0.0,34.89,69.0
Qwen2-72B,h100,64,8,229.52,229.52,66.52,66.52,3.45,651.96,0.0,34.89,120.72
Qwen2-72B,h100,64,16,229.52,229.52,66.52,66.52,3.45,651.96,0.0,34.89,120.72
Qwen2-72B,h100,128,4,405.74,447.68,103.38,116.19,3.925,1325.97,0.0,17.88,69.0
Qwen2-72B,h100,128,8,447.67,447.67,66.52,66.52,6.73,1524.57,0.0,17.88,120.72
Qwen2-72B,h100,256,4,811.15,895.03,103.38,116.19,7.846,3115.37,0.0,8.94,69.0
deepseek-llm-67b-chat,a100,4,4,226.69,254.86,226.69,254.86,1.0,0.0,0.0,31.42,31.42
deepseek-llm-67b-chat,a100,4,8,145.64,145.64,145.64,145.64,1.0,0.0,0.0,55.03,55.03
deepseek-llm-67b-chat,a100,4,16,145.64,145.64,145.64,145.64,1.0,0.0,0.0,55.03,55.03
deepseek-llm-67b-chat,a100,4,32,145.64,145.64,145.64,145.64,1.0,0.0,0.0,55.03,55.03
deepseek-llm-67b-chat,a100,4,64,145.64,145.64,145.64,145.64,1.0,0.0,0.0,55.03,55.03
deepseek-llm-67b-chat,a100,4,128,145.64,145.64,145.64,145.64,1.0,0.0,0.0,55.03,55.03
deepseek-llm-67b-chat,a100,8,4,226.76,254.95,226.76,254.95,1.0,0.0,0.0,31.41,31.41
deepseek-llm-67b-chat,a100,8,8,145.69,145.69,145.69,145.69,1.0,0.0,0.0,55.01,55.01
deepseek-llm-67b-chat,a100,8,16,145.69,145.69,145.69,145.69,1.0,0.0,0.0,55.01,55.01
deepseek-llm-67b-chat,a100,8,32,145.69,145.69,145.69,145.69,1.0,0.0,0.0,55.01,55.01
deepseek-llm-67b-chat,a100,8,64,145.69,145.69,145.69,145.69,1.0,0.0,0.0,55.01,55.01
deepseek-llm-67b-chat,a100,8,128,145.69,145.69,145.69,145.69,1.0,0.0,0.0,55.01,55.01
deepseek-llm-67b-chat,a100,16,4,226.76,254.95,226.76,254.95,1.0,0.0,0.0,31.41,31.41
deepseek-llm-67b-chat,a100,16,8,145.69,145.69,145.69,145.69,1.0,0.0,0.0,55.01,55.01
deepseek-llm-67b-chat,a100,16,16,145.69,145.69,145.69,145.69,1.0,0.0,0.0,55.01,55.01
deepseek-llm-67b-chat,a100,16,32,145.69,145.69,145.69,145.69,1.0,0.0,0.0,55.01,55.01
deepseek-llm-67b-chat,a100,16,64,145.69,145.69,145.69,145.69,1.0,0.0,0.0,55.01,55.01
deepseek-llm-67b-chat,a100,32,4,226.76,254.95,226.76,254.95,1.0,0.0,0.0,31.41,31.41
deepseek-llm-67b-chat,a100,32,8,156.9,156.9,145.69,145.69,1.077,44.83,0.0,51.07,55.01
deepseek-llm-67b-chat,a100,32,16,156.9,156.9,145.69,145.69,1.077,44.83,0.0,51.07,55.01
deepseek-llm-67b-chat,a100,32,32,156.9,156.9,145.69,145.69,1.077,44.83,0.0,51.07,55.01
deepseek-llm-67b-chat,a100,64,4,260.19,288.37,226.76,254.95,1.147,133.7,0.0,27.77,31.41
deepseek-llm-67b-chat,a100,64,8,285.08,285.08,145.69,145.69,1.957,557.57,0.0,28.09,55.01
deepseek-llm-67b-chat,a100,64,16,285.08,285.08,145.69,145.69,1.957,557.57,0.0,28.09,55.01
deepseek-llm-67b-chat,a100,128,4,492.6,542.42,226.76,254.95,2.172,1149.89,0.0,14.76,31.41
deepseek-llm-67b-chat,a100,128,8,542.4,542.4,145.69,145.69,3.723,1586.84,0.0,14.76,55.01
deepseek-llm-67b-chat,a100,256,4,963.2,1062.82,226.76,254.95,4.248,3231.49,0.0,7.53,31.41
deepseek-llm-67b-chat,a40,4,4,622.54,699.75,624.28,701.69,0.997,0.0,0.0,11.44,11.41
deepseek-llm-67b-chat,a40,4,8,399.47,399.47,399.79,399.79,0.999,0.0,0.0,20.04,20.02
deepseek-llm-67b-chat,a40,4,16,399.48,399.48,399.47,399.47,1.0,0.0,0.0,20.04,20.04
deepseek-llm-67b-chat,a40,4,32,399.46,399.46,399.46,399.46,1.0,0.0,0.0,20.04,20.04
deepseek-llm-67b-chat,a40,4,64,399.47,399.47,399.46,399.46,1.0,0.0,0.0,20.04,20.04
deepseek-llm-67b-chat,a40,4,128,399.47,399.47,399.47,399.47,1.0,0.0,0.0,20.04,20.04
deepseek-llm-67b-chat,a40,8,4,622.54,699.75,622.54,699.75,1.0,0.0,0.0,11.44,11.44
deepseek-llm-67b-chat,a40,8,8,399.48,399.48,399.48,399.48,1.0,0.0,0.0,20.04,20.04
deepseek-llm-67b-chat,a40,8,16,399.48,399.48,399.48,399.48,1.0,0.0,0.0,20.04,20.04
deepseek-llm-67b-chat,a40,8,32,399.49,399.49,399.49,399.49,1.0,0.0,0.0,20.04,20.04
deepseek-llm-67b-chat,a40,8,64,399.49,399.49,399.49,399.49,1.0,0.0,0.0,20.04,20.04
deepseek-llm-67b-chat,a40,8,128,399.49,399.49,399.49,399.49,1.0,0.0,0.0,20.04,20.04
deepseek-llm-67b-chat,a40,16,4,622.56,699.76,622.56,699.76,1.0,0.0,0.0,11.44,11.44
deepseek-llm-67b-chat,a40,16,8,399.49,399.49,399.49,399.49,1.0,0.0,0.0,20.04,20.04
deepseek-llm-67b-chat,a40,16,16,399.49,399.49,399.49,399.49,1.0,0.0,0.0,20.04,20.04
deepseek-llm-67b-chat,a40,16,32,399.49,399.49,399.49,399.49,1.0,0.0,0.0,20.04,20.04
deepseek-llm-67b-chat,a40,16,64,399.49,399.49,399.49,399.49,1.0,0.0,0.0,20.04,20.04
deepseek-llm-67b-chat,a40,32,4,622.56,699.76,622.56,699.76,1.0,0.0,0.0,11.44,11.44
deepseek-llm-67b-chat,a40,32,8,399.49,399.49,399.49,399.49,1.0,0.0,0.0,20.04,20.04
deepseek-llm-67b-chat,a40,32,16,399.49,399.49,399.49,399.49,1.0,0.0,0.0,20.04,20.04
deepseek-llm-67b-chat,a40,32,32,399.49,399.49,399.49,399.49,1.0,0.0,0.0,20.04,20.04
deepseek-llm-67b-chat,a40,64,4,622.56,699.76,622.56,699.76,1.0,0.0,0.0,11.44,11.44
deepseek-llm-67b-chat,a40,64,8,399.49,399.49,399.49,399.49,1.0,0.0,0.0,20.04,20.04
deepseek-llm-67b-chat,a40,64,16,399.49,399.49,399.49,399.49,1.0,0.0,0.0,20.04,20.04
deepseek-llm-67b-chat,a40,128,4,622.56,699.76,622.56,699.76,1.0,0.0,0.0,11.44,11.44
deepseek-llm-67b-chat,a40,128,8,590.72,590.72,399.49,399.49,1.479,764.91,0.0,13.55,20.04
deepseek-llm-67b-chat,a40,256,4,1005.75,1105.37,622.56,699.76,1.616,1622.42,0.0,7.24,11.44
deepseek-llm-67b-chat,h100,4,4,123.23,138.51,122.79,138.02,1.004,0.0,0.0,57.86,58.07
deepseek-llm-67b-chat,h100,4,8,79.07,79.07,79.06,79.06,1.0,0.0,0.0,101.5,101.51
deepseek-llm-67b-chat,h100,4,16,78.93,78.93,78.94,78.94,1.0,0.0,0.0,101.68,101.67
deepseek-llm-67b-chat,h100,4,32,78.93,78.93,78.93,78.93,1.0,0.0,0.0,101.69,101.69
deepseek-llm-67b-chat,h100,4,64,78.93,78.93,78.93,78.93,1.0,0.0,0.0,101.69,101.69
deepseek-llm-67b-chat,h100,4,128,78.93,78.93,78.93,78.93,1.0,0.0,0.0,101.69,101.69
deepseek-llm-67b-chat,h100,8,4,122.69,137.91,122.69,137.91,1.0,0.0,0.0,58.12,58.12
deepseek-llm-67b-chat,h100,8,8,78.94,78.94,78.94,78.94,1.0,0.0,0.0,101.67,101.67
deepseek-llm-67b-chat,h100,8,16,78.94,78.94,78.94,78.94,1.0,0.0,0.0,101.67,101.67
deepseek-llm-67b-chat,h100,8,32,78.93,78.93,78.93,78.93,1.0,0.0,0.0,101.68,101.68
deepseek-llm-67b-chat,h100,8,64,78.94,78.94,78.94,78.94,1.0,0.0,0.0,101.67,101.67
deepseek-llm-67b-chat,h100,8,128,78.94,78.94,78.94,78.94,1.0,0.0,0.0,101.67,101.67
deepseek-llm-67b-chat,h100,16,4,122.69,137.9,122.69,137.9,1.0,0.0,0.0,58.12,58.12
deepseek-llm-67b-chat,h100,16,8,80.85,80.85,78.93,78.93,1.024,7.66,0.0,99.27,101.68
deepseek-llm-67b-chat,h100,16,16,80.85,80.85,78.93,78.93,1.024,7.66,0.0,99.27,101.68
deepseek-llm-67b-chat,h100,16,32,80.85,80.85,78.93,78.93,1.024,7.66,0.0,99.27,101.68
deepseek-llm-67b-chat,h100,16,64,80.85,80.85,78.93,78.93,1.024,7.66,0.0,99.27,101.68
deepseek-llm-67b-chat,h100,32,4,131.4,146.61,122.69,137.9,1.071,34.84,0.0,54.66,58.12
deepseek-llm-67b-chat,h100,32,8,143.84,143.84,78.93,78.93,1.822,259.65,0.0,55.71,101.68
deepseek-llm-67b-chat,h100,32,16,143.84,143.84,78.93,78.93,1.822,259.65,0.0,55.71,101.68
deepseek-llm-67b-chat,h100,32,32,143.84,143.84,78.93,78.93,1.822,259.65,0.0,55.71,101.68
deepseek-llm-67b-chat,h100,64,4,247.61,272.52,122.69,137.9,2.018,538.48,0.0,29.38,58.12
deepseek-llm-67b-chat,h100,64,8,272.5,272.5,78.93,78.93,3.452,774.29,0.0,29.38,101.68
deepseek-llm-67b-chat,h100,64,16,272.5,272.5,78.93,78.93,3.452,774.29,0.0,29.38,101.68
deepseek-llm-67b-chat,h100,128,4,481.77,531.58,122.69,137.9,3.927,1574.73,0.0,15.06,58.12
deepseek-llm-67b-chat,h100,128,8,531.56,531.56,78.93,78.93,6.735,1810.53,0.0,15.06,101.68
deepseek-llm-67b-chat,h100,256,4,963.2,1062.82,122.69,137.9,7.851,3699.66,0.0,7.53,58.12
internlm-20b,a100,4,4,76.0,85.42,75.97,85.39,1.0,0.0,0.0,93.93,93.97
internlm-20b,a100,4,8,59.91,59.91,58.84,58.84,1.018,4.33,0.0,134.09,136.54
internlm-20b,a100,4,16,59.92,59.92,58.84,58.84,1.018,4.32,0.0,134.09,136.54
internlm-20b,a100,4,32,59.92,59.92,58.84,58.84,1.018,4.31,0.0,134.08,136.56
internlm-20b,a100,4,64,59.92,59.92,58.83,58.83,1.019,4.32,0.0,134.09,136.57
internlm-20b,a100,8,4,99.75,109.62,76.04,85.46,1.312,96.62,0.0,73.15,93.89
internlm-20b,a100,8,8,109.56,109.56,58.83,58.83,1.862,202.91,0.0,73.19,136.57
internlm-20b,a100,8,16,109.56,109.56,58.83,58.83,1.862,202.91,0.0,73.19,136.57
internlm-20b,a100,8,32,109.56,109.56,58.83,58.83,1.862,202.9,0.0,73.19,136.57
internlm-20b,a100,16,4,191.51,211.2,76.06,85.49,2.518,502.85,0.0,37.92,93.86
internlm-20b,a100,16,8,211.14,211.14,58.84,58.84,3.588,609.22,0.0,37.93,136.56
internlm-20b,a100,16,16,211.14,211.14,58.84,58.84,3.588,609.22,0.0,37.93,136.56
internlm-20b,a100,32,4,380.61,419.96,76.06,85.49,5.004,1337.9,0.0,19.06,93.86
internlm-20b,a100,32,8,419.91,419.91,58.84,58.84,7.136,1444.28,0.0,19.06,136.56
internlm-20b,a100,64,4,760.72,839.39,81.34,90.77,9.352,3015.62,21.11,9.53,88.39
internlm-20b,a40,4,4,201.8,225.85,201.82,225.89,1.0,0.0,0.0,35.46,35.46
internlm-20b,a40,4,8,154.68,154.68,154.67,154.67,1.0,0.0,0.0,51.8,51.81
internlm-20b,a40,4,16,154.72,154.72,154.67,154.67,1.0,0.0,0.0,51.79,51.81
internlm-20b,a40,4,32,154.71,154.71,154.72,154.72,1.0,0.0,0.0,51.8,51.79
internlm-20b,a40,4,64,154.68,154.68,154.72,154.72,1.0,0.0,0.0,51.81,51.79
internlm-20b,a40,8,4,202.08,226.18,202.08,226.18,1.0,0.0,0.0,35.41,35.41
internlm-20b,a40,8,8,154.72,154.72,154.72,154.72,1.0,0.0,0.0,51.79,51.79
internlm-20b,a40,8,16,154.72,154.72,154.72,154.72,1.0,0.0,0.0,51.79,51.79
internlm-20b,a40,8,32,154.72,154.72,154.72,154.72,1.0,0.0,0.0,51.79,51.79
internlm-20b,a40,16,4,203.89,228.0,202.15,226.25,1.009,6.99,0.0,35.13,35.4
internlm-20b,a40,16,8,223.53,223.53,154.72,154.72,1.445,275.24,0.0,35.83,51.79
internlm-20b,a40,16,16,223.53,223.53,154.72,154.72,1.445,275.24,0.0,35.83,51.79
internlm-20b,a40,32,4,387.39,426.75,202.15,226.25,1.916,802.0,0.0,18.76,35.4
internlm-20b,a40,32,8,426.69,426.69,154.72,154.72,2.758,1087.89,0.0,18.76,51.79
internlm-20b,a40,64,4,760.72,839.39,202.15,226.25,3.763,2452.58,0.0,9.53,35.4
internlm-20b,h100,4,4,50.77,56.01,44.65,49.89,1.137,24.47,0.0,143.48,161.18
internlm-20b,h100,4,8,55.66,55.66,36.48,36.48,1.526,76.72,0.0,144.39,220.81
internlm-20b,h100,4,16,55.66,55.66,36.48,36.48,1.526,76.69,0.0,144.39,220.85
internlm-20b,h100,4,32,55.66,55.66,36.49,36.49,1.525,76.69,0.0,144.39,220.81
internlm-20b,h100,4,64,55.66,55.66,36.49,36.49,1.525,76.71,0.0,144.39,220.78
internlm-20b,h100,8,4,96.64,106.51,44.65,49.89,2.164,226.44,0.0,75.29,161.16
internlm-20b,h100,8,8,106.45,106.45,36.47,36.47,2.919,279.93,0.0,75.33,220.9
internlm-20b,h100,8,16,106.45,106.45,36.47,36.47,2.919,279.93,0.0,75.33,220.9
internlm-20b,h100,8,32,106.45,106.45,36.47,36.47,2.919,279.93,0.0,75.33,220.9
internlm-20b,h100,16,4,190.55,210.25,44.65,49.9,4.268,641.41,0.0,38.1,161.16
internlm-20b,h100,16,8,210.19,210.19,36.47,36.47,5.763,694.89,0.0,38.11,220.9
internlm-20b,h100,16,16,210.19,210.19,36.47,36.47,5.763,694.89,0.0,38.11,220.9
internlm-20b,h100,32,4,380.61,419.96,44.65,49.9,8.524,1480.27,0.0,19.06,161.16
internlm-20b,h100,32,8,419.91,419.91,45.39,45.39,9.251,1533.75,35.68,19.06,177.25
internlm-20b,h100,64,4,760.72,839.39,78.23,86.12,9.724,3157.99,144.88,9.53,93.17
phi-2,a100,4,4,19.0,21.05,19.0,21.05,1.0,0.0,0.0,384.67,384.67
phi-2,a100,4,8,15.99,15.99,15.99,15.99,1.0,0.0,0.0,508.5,508.5
phi-2,a100,4,16,15.99,15.99,15.99,15.99,1.0,0.0,0.0,508.5,508.5
phi-2,a100,4,32,15.99,15.99,15.99,15.99,1.0,0.0,0.0,508.5,508.5
phi-2,a100,4,64,15.99,15.99,15.99,15.99,1.0,0.0,0.0,508.5,508.5
phi-2,a100,4,128,15.99,15.99,15.99,15.99,1.0,0.0,0.0,508.5,508.5
phi-2,a100,8,4,26.3,28.93,19.0,21.05,1.384,31.52,0.0,278.96,384.67
phi-2,a100,8,8,28.91,28.91,15.99,15.99,1.808,51.71,0.0,279.14,508.5
phi-2,a100,8,16,28.91,28.91,15.99,15.99,1.808,51.71,0.0,279.14,508.5
phi-2,a100,8,32,28.91,28.91,15.99,15.99,1.808,51.71,0.0,279.14,508.5
phi-2,a100,8,64,28.91,28.91,15.99,15.99,1.808,51.71,0.0,279.14,508.5
phi-2,a100,8,128,28.91,28.91,15.99,15.99,1.808,51.71,0.0,279.14,508.5
phi-2,a100,16,4,51.0,56.25,19.0,21.05,2.684,140.81,0.0,142.86,384.67
phi-2,a100,16,8,56.24,56.24,15.99,15.99,3.517,161.0,0.0,142.9,508.5
phi-2,a100,16,16,56.24,56.24,15.99,15.99,3.517,161.0,0.0,142.9,508.5
phi-2,a100,16,32,56.24,56.24,15.99,15.99,3.517,161.0,0.0,142.9,508.5
phi-2,a100,16,64,56.24,56.24,15.99,15.99,3.517,161.0,0.0,142.9,508.5
phi-2,a100,32,4,101.68,112.17,19.0,21.05,5.352,364.48,0.0,71.48,384.67
phi-2,a100,32,8,112.16,112.16,15.99,15.99,7.014,384.67,0.0,71.49,508.5
phi-2,a100,32,16,112.16,112.16,15.99,15.99,7.014,384.67,0.0,71.49,508.5
phi-2,a100,32,32,112.16,112.16,15.99,15.99,7.014,384.67,0.0,71.49,508.5
phi-2,a100,64,4,203.03,224.01,21.39,23.5,9.492,811.83,9.77,35.75,344.22
phi-2,a100,64,8,223.99,223.99,23.48,23.48,9.54,832.02,29.96,35.76,344.49
phi-2,a100,64,16,223.99,223.99,23.48,23.48,9.54,832.02,29.96,35.76,344.49
phi-2,a100,128,4,405.74,447.68,40.94,45.13,9.911,1706.53,96.32,17.88,178.26
phi-2,a100,128,8,447.67,447.67,45.11,45.11,9.924,1726.72,116.51,17.88,178.33
phi-2,a100,256,4,811.15,895.03,81.35,89.74,9.971,3495.93,274.76,8.94,89.4
phi-2,a40,4,4,39.1,44.13,39.15,44.19,0.999,0.0,0.0,182.34,182.09
phi-2,a40,4,8,35.38,35.38,35.39,35.39,1.0,0.0,0.0,227.77,227.69
phi-2,a40,4,16,35.37,35.37,35.38,35.38,1.0,0.0,0.0,227.81,227.76
phi-2,a40,4,32,35.4,35.4,35.37,35.37,1.001,0.0,0.0,227.64,227.81
phi-2,a40,4,64,35.4,35.4,35.4,35.4,1.0,0.0,0.0,227.64,227.64
phi-2,a40,4,128,35.4,35.4,35.4,35.4,1.0,0.0,0.0,227.64,227.64
phi-2,a40,8,4,39.15,44.18,39.15,44.18,1.0,0.0,0.0,182.12,182.12
phi-2,a40,8,8,35.4,35.4,35.4,35.4,1.0,0.0,0.0,227.65,227.65
phi-2,a40,8,16,35.4,35.4,35.4,35.4,1.0,0.0,0.0,227.65,227.65
phi-2,a40,8,32,35.4,35.4,35.4,35.4,1.0,0.0,0.0,227.65,227.65
phi-2,a40,8,64,35.4,35.4,35.4,35.4,1.0,0.0,0.0,227.65,227.65
phi-2,a40,8,128,35.4,35.4,35.4,35.4,1.0,0.0,0.0,227.65,227.65
phi-2,a40,16,4,52.53,57.78,39.15,44.18,1.342,54.37,0.0,139.06,182.12
phi-2,a40,16,8,57.77,57.77,35.37,35.37,1.633,89.58,0.0,139.1,227.8
phi-2,a40,16,16,57.77,57.77,35.37,35.37,1.633,89.58,0.0,139.1,227.8
phi-2,a40,16,32,57.77,57.77,35.37,35.37,1.633,89.58,0.0,139.1,227.8
phi-2,a40,16,64,57.77,57.77,35.37,35.37,1.633,89.58,0.0,139.1,227.8
phi-2,a40,32,4,101.68,112.17,39.16,44.19,2.597,271.93,0.0,71.48,182.08
phi-2,a40,32,8,112.16,112.16,35.37,35.37,3.171,307.13,0.0,71.49,227.8
phi-2,a40,32,16,112.16,112.16,35.37,35.37,3.171,307.13,0.0,71.49,227.8
phi-2,a40,32,32,112.16,112.16,35.37,35.37,3.171,307.13,0.0,71.49,227.8
phi-2,a40,64,4,203.03,224.01,39.16,44.19,5.185,719.28,0.0,35.75,182.08
phi-2,a40,64,8,223.99,223.99,35.37,35.37,6.333,754.48,0.0,35.76,227.8
phi-2,a40,64,16,223.99,223.99,35.37,35.37,6.333,754.48,0.0,35.76,227.8
phi-2,a40,128,4,405.74,447.68,42.7,47.74,9.502,1613.97,14.18,17.88,168.49
phi-2,a40,128,8,447.67,447.67,46.88,46.88,9.549,1649.18,46.03,17.88,171.58
phi-2,a40,256,4,811.15,895.03,81.83,90.22,9.913,3403.37,184.14,8.94,88.92
phi-2,h100,4,4,13.48,14.8,11.14,12.39,1.21,9.62,0.0,550.14,659.18
phi-2,h100,4,8,13.9,15.0,8.04,9.14,1.729,23.43,0.0,542.68,900.44
phi-2,h100,4,16,13.9,15.0,8.04,9.14,1.729,23.43,0.0,542.68,900.44
phi-2,h100,4,32,13.9,15.0,8.04,9.14,1.729,23.43,0.0,542.68,900.44
phi-2,h100,4,64,13.9,15.0,8.04,9.14,1.729,23.43,0.0,542.68,900.44
phi-2,h100,4,128,13.9,15.0,8.04,9.14,1.729,23.43,0.0,542.68,900.44
phi-2,h100,8,4,25.71,28.34,11.14,12.39,2.308,63.79,0.0,284.85,659.18
phi-2,h100,8,8,26.57,28.33,8.04,9.14,3.305,76.75,0.0,284.99,900.44
phi-2,h100,8,16,26.57,28.33,8.04,9.14,3.305,76.75,0.0,284.99,900.44
phi-2,h100,8,32,26.57,28.33,8.04,9.14,3.305,76.75,0.0,284.99,900.44
phi-2,h100,8,64,26.57,28.33,8.04,9.14,3.305,76.75,0.0,284.99,900.44
phi-2,h100,8,128,26.57,28.33,8.04,9.14,3.305,76.75,0.0,284.99,900.44
phi-2,h100,16,4,51.0,56.25,11.14,12.39,4.578,175.45,0.0,142.86,659.18
phi-2,h100,16,8,56.24,56.24,8.04,9.14,6.995,192.59,0.0,142.9,900.44
phi-2,h100,16,16,56.24,56.24,8.04,9.14,6.995,192.59,0.0,142.9,900.44
phi-2,h100,16,32,56.24,56.24,8.04,9.14,6.995,192.59,0.0,142.9,900.44
phi-2,h100,16,64,56.24,56.24,8.04,9.14,6.995,192.59,0.0,142.9,900.44
phi-2,h100,32,4,101.68,112.17,11.14,12.39,9.127,399.13,0.0,71.48,659.18
phi-2,h100,32,8,112.16,112.16,11.34,12.44,9.891,416.27,13.18,71.49,656.81
phi-2,h100,32,16,112.16,112.16,11.34,12.44,9.891,416.27,13.18,71.49,656.81
phi-2,h100,32,32,112.16,112.16,11.34,12.44,9.891,416.27,13.18,71.49,656.81
phi-2,h100,64,4,203.03,224.01,20.8,22.9,9.761,846.48,42.05,35.75,353.24
phi-2,h100,64,8,223.99,223.99,21.49,22.89,10.423,863.61,55.0,35.76,353.44
phi-2,h100,64,16,223.99,223.99,21.49,22.89,10.423,863.61,55.0,35.76,353.44
phi-2,h100,128,4,405.74,447.68,40.82,45.02,9.94,1741.17,130.51,17.88,178.72
phi-2,h100,128,8,447.67,447.67,45.0,45.0,9.948,1758.31,147.65,17.88,178.79
phi-2,h100,256,4,811.15,895.03,81.35,89.74,9.971,3530.57,309.41,8.94,89.4
